Date,Temp (F),Anomaly,State
2020-01,49.5,1.6,Alabama
2020-02,51.0,-0.1,Alabama
2020-03,63.5,3.7,Alabama
2020-04,62.0,-0.4,Alabama
2020-05,68.9,-1.6,Alabama
2020-06,76.9,-0.8,Alabama
2020-07,80.9,0.2,Alabama
2020-08,80.2,-0.2,Alabama
2020-09,74.3,-0.1,Alabama
2020-10,66.9,1.7,Alabama
2020-11,58.4,3.3,Alabama
2020-12,45.9,-4.3,Alabama
2021-01,46.6,-1.3,Alabama
2021-02,46.7,-4.4,Alabama
2021-03,59.6,-0.2,Alabama
2021-04,61.6,-0.8,Alabama
2021-05,69.4,-1.1,Alabama
2021-06,77.0,-0.7,Alabama
2021-07,79.3,-1.4,Alabama
2021-08,80.0,-0.4,Alabama
2021-09,73.9,-0.5,Alabama
2021-10,67.3,2.1,Alabama
2021-11,52.2,-2.9,Alabama
2021-12,56.8,6.6,Alabama
2022-01,43.9,-4.0,Alabama
2022-02,50.1,-1.0,Alabama
2022-03,57.4,-2.4,Alabama
2022-04,62.6,0.2,Alabama
2022-05,73.5,3.0,Alabama
2022-06,80.4,2.7,Alabama
2022-07,81.7,1.0,Alabama
2022-08,79.3,-1.1,Alabama
2022-09,73.7,-0.7,Alabama
2022-10,61.2,-4.0,Alabama
2022-11,55.3,0.2,Alabama
2022-12,49.1,-1.1,Alabama
2023-01,51.4,3.5,Alabama
2023-02,56.4,5.3,Alabama
2023-03,58.7,-1.1,Alabama
2023-04,63.2,0.8,Alabama
2023-05,70.3,-0.2,Alabama
2023-06,76.6,-1.1,Alabama
2023-07,81.0,0.3,Alabama
2023-08,82.1,1.7,Alabama
2023-09,75.7,1.3,Alabama
2023-10,65.2,0.0,Alabama
2023-11,54.5,-0.6,Alabama
2023-12,48.8,-1.4,Alabama
2020-01,-6.4,-10.8,Alaska
2020-02,1.5,-2.7,Alaska
2020-03,12.0,-0.9,Alaska
2020-04,27.5,4.2,Alaska
2020-05,43.3,2.4,Alaska
2020-06,50.5,-0.5,Alaska
2020-07,53.2,-0.9,Alaska
2020-08,52.1,0.9,Alaska
2020-09,42.0,0.8,Alaska
2020-10,28.9,0.5,Alaska
2020-11,14.5,0.5,Alaska
2020-12,10.6,3.0,Alaska
2021-01,10.6,6.2,Alaska
2021-02,1.0,-3.2,Alaska
2021-03,9.1,-3.8,Alaska
2021-04,23.9,0.6,Alaska
2021-05,40.3,-0.6,Alaska
2021-06,50.9,-0.1,Alaska
2021-07,53.9,-0.2,Alaska
2021-08,49.4,-1.8,Alaska
2021-09,39.4,-1.8,Alaska
2021-10,27.9,-0.5,Alaska
2021-11,4.6,-9.4,Alaska
2021-12,6.8,-0.8,Alaska
2022-01,2.6,-1.8,Alaska
2022-02,8.2,4.0,Alaska
2022-03,16.7,3.8,Alaska
2022-04,24.9,1.6,Alaska
2022-05,40.1,-0.8,Alaska
2022-06,52.7,1.7,Alaska
2022-07,53.3,-0.8,Alaska
2022-08,50.1,-1.1,Alaska
2022-09,42.7,1.5,Alaska
2022-10,28.8,0.4,Alaska
2022-11,16.3,2.3,Alaska
2022-12,7.1,-0.5,Alaska
2023-01,10.9,6.5,Alaska
2023-02,6.0,1.8,Alaska
2023-03,13.6,0.7,Alaska
2023-04,16.8,-6.5,Alaska
2023-05,39.8,-1.1,Alaska
2023-06,49.9,-1.1,Alaska
2023-07,56.1,2.0,Alaska
2023-08,53.3,2.1,Alaska
2023-09,40.8,-0.4,Alaska
2023-10,28.0,-0.4,Alaska
2023-11,20.4,6.4,Alaska
2023-12,5.8,-1.8,Alaska
2020-01,43.7,1.1,Arizona
2020-02,45.9,1.3,Arizona
2020-03,51.0,1.1,Arizona
2020-04,59.3,-0.6,Arizona
2020-05,70.5,2.1,Arizona
2020-06,76.8,-0.3,Arizona
2020-07,82.8,-0.2,Arizona
2020-08,84.1,3.3,Arizona
2020-09,75.6,0.6,Arizona
2020-10,66.2,3.1,Arizona
2020-11,53.5,1.5,Arizona
2020-12,42.0,-2.0,Arizona
2021-01,42.6,0.0,Arizona
2021-02,46.5,1.9,Arizona
2021-03,49.4,-0.5,Arizona
2021-04,61.2,1.3,Arizona
2021-05,67.9,-0.5,Arizona
2021-06,80.6,3.5,Arizona
2021-07,81.4,-1.6,Arizona
2021-08,79.5,-1.3,Arizona
2021-09,74.8,-0.2,Arizona
2021-10,59.9,-3.2,Arizona
2021-11,55.8,3.8,Arizona
2021-12,45.6,1.6,Arizona
2022-01,43.5,0.9,Arizona
2022-02,44.0,-0.6,Arizona
2022-03,51.8,1.9,Arizona
2022-04,60.5,0.6,Arizona
2022-05,68.6,0.2,Arizona
2022-06,78.6,1.5,Arizona
2022-07,82.2,-0.8,Arizona
2022-08,79.0,-1.8,Arizona
2022-09,75.9,0.9,Arizona
2022-10,61.8,-1.3,Arizona
2022-11,46.1,-5.9,Arizona
2022-12,42.8,-1.2,Arizona
2023-01,40.4,-2.2,Arizona
2023-02,41.9,-2.7,Arizona
2023-03,47.3,-2.6,Arizona
2023-04,58.4,-1.5,Arizona
2023-05,66.6,-1.8,Arizona
2023-06,72.4,-4.7,Arizona
2023-07,85.4,2.4,Arizona
2023-08,80.7,-0.1,Arizona
2023-09,73.7,-1.3,Arizona
2023-10,64.4,1.3,Arizona
2023-11,52.6,0.6,Arizona
2023-12,45.4,1.4,Arizona
2020-01,43.9,1.3,Arkansas
2020-02,44.5,1.9,Arkansas
2020-03,56.5,2.3,Arkansas
2020-04,58.8,-0.6,Arkansas
2020-05,66.8,-1.9,Arkansas
2020-06,76.4,-0.8,Arkansas
2020-07,81.3,-0.2,Arkansas
2020-08,77.8,-2.1,Arkansas
2020-09,71.8,-1.9,Arkansas
2020-10,59.4,-3.2,Arkansas
2020-11,54.0,2.8,Arkansas
2020-12,42.6,-3.7,Arkansas
2021-01,41.4,-1.2,Arkansas
2021-02,34.8,-7.8,Arkansas
2021-03,55.2,1.0,Arkansas
2021-04,58.4,-1.0,Arkansas
2021-05,66.8,-1.9,Arkansas
2021-06,76.9,-0.3,Arkansas
2021-07,79.4,-2.1,Arkansas
2021-08,80.7,0.8,Arkansas
2021-09,74.3,0.6,Arkansas
2021-10,65.5,2.9,Arkansas
2021-11,49.4,-1.8,Arkansas
2021-12,53.4,7.1,Arkansas
2022-01,38.7,-3.9,Arkansas
2022-02,42.2,-0.4,Arkansas
2022-03,52.1,-2.1,Arkansas
2022-04,59.9,0.5,Arkansas
2022-05,71.0,2.3,Arkansas
2022-06,78.2,1.0,Arkansas
2022-07,84.1,2.6,Arkansas
2022-08,79.4,-0.5,Arkansas
2022-09,73.8,0.1,Arkansas
2022-10,61.4,-1.2,Arkansas
2022-11,49.8,-1.4,Arkansas
2022-12,43.2,-3.1,Arkansas
2023-01,46.4,3.8,Arkansas
2023-02,48.8,6.2,Arkansas
2023-03,53.0,-1.2,Arkansas
2023-04,60.3,0.9,Arkansas
2023-05,70.0,1.3,Arkansas
2023-06,77.3,0.1,Arkansas
2023-07,81.0,-0.5,Arkansas
2023-08,81.7,1.8,Arkansas
2023-09,74.8,1.1,Arkansas
2023-10,64.0,1.4,Arkansas
2023-11,51.7,0.5,Arkansas
2023-12,46.0,-0.3,Arkansas
2020-01,45.3,0.4,California
2020-02,49.2,2.5,California
2020-03,48.0,-0.3,California
2020-04,56.6,0.1,California
2020-05,64.6,1.2,California
2020-06,70.4,-0.7,California
2020-07,76.6,-1.7,California
2020-08,78.9,1.3,California
2020-09,74.0,2.0,California
2020-10,66.2,3.6,California
2020-11,50.9,-0.2,California
2020-12,45.5,0.3,California
2021-01,45.5,0.6,California
2021-02,47.4,0.7,California
2021-03,48.2,-0.1,California
2021-04,58.2,1.7,California
2021-05,64.5,1.1,California
2021-06,74.9,3.8,California
2021-07,79.8,1.5,California
2021-08,77.0,-0.6,California
2021-09,72.2,0.2,California
2021-10,58.2,-4.4,California
2021-11,54.8,3.7,California
2021-12,43.5,-1.7,California
2022-01,46.2,1.3,California
2022-02,47.4,0.7,California
2022-03,52.9,4.6,California
2022-04,55.9,-0.6,California
2022-05,62.4,-1.0,California
2022-06,72.0,0.9,California
2022-07,77.6,-0.7,California
2022-08,78.4,0.8,California
2022-09,73.8,1.8,California
2022-10,63.7,1.1,California
2022-11,46.8,-4.3,California
2022-12,43.5,-1.7,California
2023-01,42.7,-2.2,California
2023-02,42.7,-4.0,California
2023-03,44.2,-4.1,California
2023-04,55.3,-1.2,California
2023-05,62.0,-1.4,California
2023-06,66.9,-4.2,California
2023-07,79.0,0.7,California
2023-08,75.9,-1.7,California
2023-09,68.0,-4.0,California
2023-10,62.2,-0.4,California
2023-11,51.9,0.8,California
2023-12,48.1,2.9,California
2020-01,27.4,1.3,Colorado
2020-02,26.4,1.1,Colorado
2020-03,38.8,3.8,Colorado
2020-04,43.4,0.5,Colorado
2020-05,55.6,1.5,Colorado
2020-06,65.0,1.2,Colorado
2020-07,69.3,-0.5,Colorado
2020-08,70.1,1.8,Colorado
2020-09,58.8,-2.3,Colorado
2020-10,47.1,-0.5,Colorado
2020-11,38.5,1.5,Colorado
2020-12,26.7,-2.1,Colorado
2021-01,26.7,0.6,Colorado
2021-02,24.8,-0.5,Colorado
2021-03,35.8,0.8,Colorado
2021-04,43.1,0.2,Colorado
2021-05,52.9,-1.2,Colorado
2021-06,65.7,1.9,Colorado
2021-07,70.0,0.2,Colorado
2021-08,67.4,-0.9,Colorado
2021-09,62.4,1.3,Colorado
2021-10,47.8,0.2,Colorado
2021-11,40.7,3.7,Colorado
2021-12,32.4,3.6,Colorado
2022-01,26.7,0.6,Colorado
2022-02,25.1,-0.2,Colorado
2022-03,35.1,0.1,Colorado
2022-04,43.9,1.0,Colorado
2022-05,53.4,-0.7,Colorado
2022-06,64.4,0.6,Colorado
2022-07,70.4,0.6,Colorado
2022-08,67.8,-0.5,Colorado
2022-09,62.5,1.4,Colorado
2022-10,47.7,0.1,Colorado
2022-11,31.6,-5.4,Colorado
2022-12,25.7,-3.1,Colorado
2023-01,23.6,-2.5,Colorado
2023-02,24.9,-0.4,Colorado
2023-03,30.3,-4.7,Colorado
2023-04,41.2,-1.7,Colorado
2023-05,54.4,0.3,Colorado
2023-06,59.9,-3.9,Colorado
2023-07,69.4,-0.4,Colorado
2023-08,67.7,-0.6,Colorado
2023-09,60.5,-0.6,Colorado
2023-10,47.8,0.2,Colorado
2023-11,37.0,0.0,Colorado
2023-12,30.3,1.5,Colorado
2020-01,33.0,2.1,Connecticut
2020-02,33.9,2.2,Connecticut
2020-03,41.4,1.8,Connecticut
2020-04,44.4,-3.5,Connecticut
2020-05,56.4,-1.6,Connecticut
2020-06,68.4,1.1,Connecticut
2020-07,75.6,1.7,Connecticut
2020-08,72.6,0.3,Connecticut
2020-09,63.5,-0.8,Connecticut
2020-10,53.2,-1.5,Connecticut
2020-11,45.4,2.6,Connecticut
2020-12,33.6,-2.1,Connecticut
2021-01,29.2,-1.7,Connecticut
2021-02,28.5,-3.2,Connecticut
2021-03,39.3,-0.3,Connecticut
2021-04,48.7,0.8,Connecticut
2021-05,57.8,-0.2,Connecticut
2021-06,69.2,1.9,Connecticut
2021-07,71.1,-2.8,Connecticut
2021-08,72.8,0.5,Connecticut
2021-09,65.2,0.9,Connecticut
2021-10,56.8,2.1,Connecticut
2021-11,41.0,-1.8,Connecticut
2021-12,37.0,1.3,Connecticut
2022-01,24.2,-6.7,Connecticut
2022-02,30.6,-1.1,Connecticut
2022-03,39.0,-0.6,Connecticut
2022-04,47.6,-0.3,Connecticut
2022-05,60.7,2.7,Connecticut
2022-06,66.3,-1.0,Connecticut
2022-07,74.2,0.3,Connecticut
2022-08,74.5,2.2,Connecticut
2022-09,63.6,-0.7,Connecticut
2022-10,52.5,-2.2,Connecticut
2022-11,45.2,2.4,Connecticut
2022-12,33.5,-2.2,Connecticut
2023-01,37.1,6.2,Connecticut
2023-02,33.6,1.9,Connecticut
2023-03,38.8,-0.8,Connecticut
2023-04,51.0,3.1,Connecticut
2023-05,56.9,-1.1,Connecticut
2023-06,65.3,-2.0,Connecticut
2023-07,74.7,0.8,Connecticut
2023-08,69.4,-2.9,Connecticut
2023-09,65.0,0.7,Connecticut
2023-10,56.1,1.4,Connecticut
2023-11,39.6,-3.2,Connecticut
2023-12,38.5,2.8,Connecticut
2020-01,40.2,2.4,Delaware
2020-02,41.9,2.0,Delaware
2020-03,49.5,2.0,Delaware
2020-04,51.8,-2.9,Delaware
2020-05,60.6,-2.0,Delaware
2020-06,73.7,1.2,Delaware
2020-07,80.7,1.7,Delaware
2020-08,77.2,0.2,Delaware
2020-09,68.7,-0.8,Delaware
2020-10,60.0,0.2,Delaware
2020-11,51.8,3.5,Delaware
2020-12,39.7,-1.6,Delaware
2021-01,36.2,-1.6,Delaware
2021-02,35.6,-4.3,Delaware
2021-03,47.6,0.1,Delaware
2021-04,55.3,0.6,Delaware
2021-05,63.3,0.7,Delaware
2021-06,73.8,1.3,Delaware
2021-07,77.7,-1.3,Delaware
2021-08,76.9,-0.1,Delaware
2021-09,70.1,0.6,Delaware
2021-10,63.2,3.4,Delaware
2021-11,45.1,-3.2,Delaware
2021-12,44.0,2.7,Delaware
2022-01,31.6,-6.2,Delaware
2022-02,39.1,-0.8,Delaware
2022-03,47.2,-0.3,Delaware
2022-04,53.2,-1.5,Delaware
2022-05,65.1,2.5,Delaware
2022-06,72.4,-0.1,Delaware
2022-07,79.0,0.0,Delaware
2022-08,78.1,1.1,Delaware
2022-09,69.3,-0.2,Delaware
2022-10,55.8,-4.0,Delaware
2022-11,49.8,1.5,Delaware
2022-12,37.8,-3.5,Delaware
2023-01,43.2,5.4,Delaware
2023-02,42.8,2.9,Delaware
2023-03,45.6,-1.9,Delaware
2023-04,58.6,3.9,Delaware
2023-05,61.3,-1.3,Delaware
2023-06,70.1,-2.4,Delaware
2023-07,78.5,-0.5,Delaware
2023-08,75.7,-1.3,Delaware
2023-09,69.9,0.4,Delaware
2023-10,60.1,0.3,Delaware
2023-11,46.3,-2.0,Delaware
2023-12,43.6,2.3,Delaware
2020-01,61.8,1.8,Florida
2020-02,63.6,-0.9,Florida
2020-03,71.0,1.9,Florida
2020-04,73.1,1.1,Florida
2020-05,75.8,-0.6,Florida
2020-06,81.0,0.0,Florida
2020-07,83.0,-0.1,Florida
2020-08,83.2,-0.2,Florida
2020-09,80.6,0.4,Florida
2020-10,77.2,2.8,Florida
2020-11,70.8,3.2,Florida
2020-12,57.6,-4.1,Florida
2021-01,58.7,-1.3,Florida
2021-02,63.7,-0.8,Florida
2021-03,67.8,-1.3,Florida
2021-04,69.9,-2.1,Florida
2021-05,76.1,-0.3,Florida
2021-06,80.7,-0.3,Florida
2021-07,81.9,-1.2,Florida
2021-08,82.6,-0.8,Florida
2021-09,79.7,-0.5,Florida
2021-10,75.3,0.9,Florida
2021-11,63.4,-4.2,Florida
2021-12,66.5,4.8,Florida
2022-01,57.6,-2.4,Florida
2022-02,63.2,-1.3,Florida
2022-03,68.6,-0.5,Florida
2022-04,72.0,0.0,Florida
2022-05,77.7,1.3,Florida
2022-06,82.0,1.0,Florida
2022-07,83.2,0.1,Florida
2022-08,83.0,-0.4,Florida
2022-09,80.0,-0.2,Florida
2022-10,71.8,-2.6,Florida
2022-11,69.7,2.1,Florida
2022-12,61.5,-0.2,Florida
2023-01,61.8,1.8,Florida
2023-02,67.4,2.9,Florida
2023-03,69.0,-0.1,Florida
2023-04,73.1,1.1,Florida
2023-05,76.0,-0.4,Florida
2023-06,80.4,-0.6,Florida
2023-07,84.1,1.0,Florida
2023-08,84.8,1.4,Florida
2023-09,80.4,0.2,Florida
2023-10,73.4,-1.0,Florida
2023-11,66.6,-1.0,Florida
2023-12,61.2,-0.5,Florida
2020-01,51.4,2.3,Georgia
2020-02,51.9,-1.2,Georgia
2020-03,63.1,2.8,Georgia
2020-04,63.1,0.0,Georgia
2020-05,69.4,-1.0,Georgia
2020-06,76.9,-0.5,Georgia
2020-07,81.5,0.6,Georgia
2020-08,80.4,0.0,Georgia
2020-09,74.3,0.1,Georgia
2020-10,68.5,2.8,Georgia
2020-11,60.4,3.8,Georgia
2020-12,46.4,-4.2,Georgia
2021-01,47.7,-1.4,Georgia
2021-02,49.5,-3.6,Georgia
2021-03,59.9,-0.4,Georgia
2021-04,62.1,-1.0,Georgia
2021-05,69.4,-1.0,Georgia
2021-06,77.0,-0.4,Georgia
2021-07,79.3,-1.6,Georgia
2021-08,80.0,-0.4,Georgia
2021-09,73.8,-0.4,Georgia
2021-10,67.2,1.5,Georgia
2021-11,52.7,-3.9,Georgia
2021-12,56.6,6.0,Georgia
2022-01,45.9,-3.2,Georgia
2022-02,52.8,-0.3,Georgia
2022-03,59.0,-1.3,Georgia
2022-04,63.0,-0.1,Georgia
2022-05,73.2,2.8,Georgia
2022-06,80.1,2.7,Georgia
2022-07,81.2,0.3,Georgia
2022-08,79.5,-0.9,Georgia
2022-09,74.0,-0.2,Georgia
2022-10,62.1,-3.6,Georgia
2022-11,57.5,0.9,Georgia
2022-12,49.1,-1.5,Georgia
2023-01,51.5,2.4,Georgia
2023-02,58.1,5.0,Georgia
2023-03,59.3,-1.0,Georgia
2023-04,64.1,1.0,Georgia
2023-05,69.5,-0.9,Georgia
2023-06,75.7,-1.7,Georgia
2023-07,81.5,0.6,Georgia
2023-08,81.6,1.2,Georgia
2023-09,74.5,0.3,Georgia
2023-10,64.9,-0.8,Georgia
2023-11,55.7,-0.9,Georgia
2023-12,50.1,-0.5,Georgia
2020-01,27.3,2.0,Idaho
2020-02,26.2,1.2,Idaho
2020-03,35.1,1.6,Idaho
2020-04,41.6,1.7,Idaho
2020-05,50.6,0.3,Idaho
2020-06,56.2,-2.8,Idaho
2020-07,64.9,-3.8,Idaho
2020-08,67.1,0.5,Idaho
2020-09,58.7,0.4,Idaho
2020-10,45.4,-0.8,Idaho
2020-11,32.7,0.1,Idaho
2020-12,26.2,-0.2,Idaho
2021-01,26.6,1.3,Idaho
2021-02,25.4,0.4,Idaho
2021-03,34.8,1.3,Idaho
2021-04,42.0,2.1,Idaho
2021-05,49.8,-0.5,Idaho
2021-06,65.1,6.1,Idaho
2021-07,71.8,3.1,Idaho
2021-08,63.9,-2.7,Idaho
2021-09,57.2,-1.1,Idaho
2021-10,45.2,-1.0,Idaho
2021-11,36.7,4.1,Idaho
2021-12,26.5,0.1,Idaho
2022-01,23.9,-1.4,Idaho
2022-02,24.5,-0.5,Idaho
2022-03,36.3,2.8,Idaho
2022-04,37.2,-2.7,Idaho
2022-05,46.4,-3.9,Idaho
2022-06,57.3,-1.7,Idaho
2022-07,69.4,0.7,Idaho
2022-08,69.4,2.8,Idaho
2022-09,60.8,2.5,Idaho
2022-10,48.0,1.8,Idaho
2022-11,26.4,-6.2,Idaho
2022-12,22.8,-3.6,Idaho
2023-01,23.4,-1.9,Idaho
2023-02,23.9,-1.1,Idaho
2023-03,27.8,-5.7,Idaho
2023-04,38.7,-1.2,Idaho
2023-05,54.3,4.0,Idaho
2023-06,57.2,-1.8,Idaho
2023-07,68.5,-0.2,Idaho
2023-08,65.8,-0.8,Idaho
2023-09,56.6,-1.7,Idaho
2023-10,46.0,-0.2,Idaho
2023-11,34.6,2.0,Idaho
2023-12,29.9,3.5,Idaho
2020-01,31.8,2.3,Illinois
2020-02,31.9,2.6,Illinois
2020-03,44.4,0.7,Illinois
2020-04,49.6,-1.7,Illinois
2020-05,60.6,-2.2,Illinois
2020-06,73.6,0.4,Illinois
2020-07,77.3,1.5,Illinois
2020-08,72.8,-1.1,Illinois
2020-09,65.6,-2.0,Illinois
2020-10,52.0,-3.5,Illinois
2020-11,47.1,3.6,Illinois
2020-12,33.0,-2.8,Illinois
2021-01,29.5,0.0,Illinois
2021-02,20.8,-8.5,Illinois
2021-03,46.2,2.5,Illinois
2021-04,52.5,1.2,Illinois
2021-05,61.1,-1.7,Illinois
2021-06,74.1,0.9,Illinois
2021-07,74.6,-1.2,Illinois
2021-08,75.5,1.6,Illinois
2021-09,69.6,2.0,Illinois
2021-10,60.2,4.7,Illinois
2021-11,40.9,-2.6,Illinois
2021-12,40.2,4.4,Illinois
2022-01,22.2,-7.3,Illinois
2022-02,28.0,-1.3,Illinois
2022-03,43.1,-0.6,Illinois
2022-04,49.6,-1.7,Illinois
2022-05,65.3,2.5,Illinois
2022-06,73.5,0.3,Illinois
2022-07,75.8,0.0,Illinois
2022-08,73.6,-0.3,Illinois
2022-09,67.0,-0.6,Illinois
2022-10,53.3,-2.2,Illinois
2022-11,43.0,-0.5,Illinois
2022-12,30.3,-5.5,Illinois
2023-01,34.4,4.9,Illinois
2023-02,36.3,7.0,Illinois
2023-03,40.9,-2.8,Illinois
2023-04,53.4,2.1,Illinois
2023-05,64.1,1.3,Illinois
2023-06,71.5,-1.7,Illinois
2023-07,75.3,-0.5,Illinois
2023-08,73.5,-0.4,Illinois
2023-09,68.3,0.7,Illinois
2023-10,56.6,1.1,Illinois
2023-11,42.9,-0.6,Illinois
2023-12,39.6,3.8,Illinois
2020-01,34.3,2.9,Indiana
2020-02,32.8,1.6,Indiana
2020-03,44.6,0.8,Indiana
2020-04,48.9,-1.8,Indiana
2020-05,59.7,-1.9,Indiana
2020-06,72.1,0.6,Indiana
2020-07,76.5,1.6,Indiana
2020-08,72.0,-1.0,Indiana
2020-09,65.2,-1.5,Indiana
2020-10,53.1,-2.5,Indiana
2020-11,46.7,3.5,Indiana
2020-12,33.6,-2.8,Indiana
2021-01,30.5,-0.9,Indiana
2021-02,23.7,-7.5,Indiana
2021-03,45.8,2.0,Indiana
2021-04,51.9,1.2,Indiana
2021-05,59.6,-2.0,Indiana
2021-06,72.7,1.2,Indiana
2021-07,73.7,-1.2,Indiana
2021-08,75.0,2.0,Indiana
2021-09,68.4,1.7,Indiana
2021-10,60.2,4.6,Indiana
2021-11,40.0,-3.2,Indiana
2021-12,40.5,4.1,Indiana
2022-01,24.3,-7.1,Indiana
2022-02,29.8,-1.4,Indiana
2022-03,43.7,-0.1,Indiana
2022-04,49.3,-1.4,Indiana
2022-05,64.9,3.3,Indiana
2022-06,72.1,0.6,Indiana
2022-07,75.3,0.4,Indiana
2022-08,73.0,0.0,Indiana
2022-09,66.1,-0.6,Indiana
2022-10,52.8,-2.8,Indiana
2022-11,43.1,-0.1,Indiana
2022-12,31.7,-4.7,Indiana
2023-01,36.4,5.0,Indiana
2023-02,38.3,7.1,Indiana
2023-03,40.9,-2.9,Indiana
2023-04,52.7,2.0,Indiana
2023-05,62.0,0.4,Indiana
2023-06,69.2,-2.3,Indiana
2023-07,74.2,-0.7,Indiana
2023-08,71.8,-1.2,Indiana
2023-09,67.0,0.3,Indiana
2023-10,56.3,0.7,Indiana
2023-11,43.0,-0.2,Indiana
2023-12,39.9,3.5,Indiana
2020-01,23.1,1.6,Iowa
2020-02,24.9,3.7,Iowa
2020-03,40.3,1.9,Iowa
2020-04,46.7,-0.6,Iowa
2020-05,57.6,-2.6,Iowa
2020-06,72.9,0.6,Iowa
2020-07,75.3,1.6,Iowa
2020-08,71.9,-0.4,Iowa
2020-09,61.9,-3.3,Iowa
2020-10,46.0,-5.3,Iowa
2020-11,42.0,2.7,Iowa
2020-12,27.2,-1.5,Iowa
2021-01,23.9,2.4,Iowa
2021-02,12.5,-8.7,Iowa
2021-03,42.3,3.9,Iowa
2021-04,49.3,2.0,Iowa
2021-05,59.0,-1.2,Iowa
2021-06,73.5,1.2,Iowa
2021-07,73.4,-0.3,Iowa
2021-08,72.9,0.6,Iowa
2021-09,66.6,1.4,Iowa
2021-10,55.5,4.2,Iowa
2021-11,39.2,-0.1,Iowa
2021-12,31.9,3.2,Iowa
2022-01,14.9,-6.6,Iowa
2022-02,21.3,0.1,Iowa
2022-03,37.1,-1.3,Iowa
2022-04,43.8,-3.5,Iowa
2022-05,61.3,1.1,Iowa
2022-06,71.6,-0.7,Iowa
2022-07,74.2,0.5,Iowa
2022-08,72.0,-0.3,Iowa
2022-09,65.1,-0.1,Iowa
2022-10,50.4,-0.9,Iowa
2022-11,37.1,-2.2,Iowa
2022-12,21.3,-7.4,Iowa
2023-01,24.2,2.7,Iowa
2023-02,26.1,4.9,Iowa
2023-03,33.9,-4.5,Iowa
2023-04,49.3,2.0,Iowa
2023-05,62.7,2.5,Iowa
2023-06,71.3,-1.0,Iowa
2023-07,71.9,-1.8,Iowa
2023-08,72.5,0.2,Iowa
2023-09,67.2,2.0,Iowa
2023-10,53.4,2.1,Iowa
2023-11,38.8,-0.5,Iowa
2023-12,34.5,5.8,Iowa
2020-01,34.0,1.3,Kansas
2020-02,34.9,3.4,Kansas
2020-03,47.9,2.4,Kansas
2020-04,52.7,-0.8,Kansas
2020-05,61.7,-1.8,Kansas
2020-06,77.7,2.0,Kansas
2020-07,79.2,0.1,Kansas
2020-08,76.4,-2.0,Kansas
2020-09,66.3,-4.7,Kansas
2020-10,52.6,-4.2,Kansas
2020-11,48.1,2.8,Kansas
2020-12,35.9,-0.8,Kansas
2021-01,34.0,1.3,Kansas
2021-02,24.1,-7.4,Kansas
2021-03,48.1,2.6,Kansas
2021-04,52.5,-1.0,Kansas
2021-05,61.9,-1.6,Kansas
2021-06,75.8,0.1,Kansas
2021-07,77.7,-1.4,Kansas
2021-08,79.1,0.7,Kansas
2021-09,73.3,2.3,Kansas
2021-10,59.1,2.3,Kansas
2021-11,46.7,1.4,Kansas
2021-12,41.1,4.4,Kansas
2022-01,29.8,-2.9,Kansas
2022-02,31.8,0.3,Kansas
2022-03,44.0,-1.5,Kansas
2022-04,54.1,0.6,Kansas
2022-05,64.6,1.1,Kansas
2022-06,75.8,0.1,Kansas
2022-07,81.1,2.0,Kansas
2022-08,79.2,0.8,Kansas
2022-09,72.0,1.0,Kansas
2022-10,57.7,0.9,Kansas
2022-11,41.1,-4.2,Kansas
2022-12,30.6,-6.1,Kansas
2023-01,33.0,0.3,Kansas
2023-02,35.2,3.7,Kansas
2023-03,42.0,-3.5,Kansas
2023-04,54.6,1.1,Kansas
2023-05,65.9,2.4,Kansas
2023-06,73.4,-2.3,Kansas
2023-07,78.3,-0.8,Kansas
2023-08,78.9,0.5,Kansas
2023-09,72.4,1.4,Kansas
2023-10,57.9,1.1,Kansas
2023-11,45.2,-0.1,Kansas
2023-12,39.2,2.5,Kansas
2020-01,40.2,2.8,Kentucky
2020-02,39.7,0.7,Kentucky
2020-03,51.4,1.8,Kentucky
2020-04,52.8,-1.9,Kentucky
2020-05,62.2,-1.9,Kentucky
2020-06,72.6,0.0,Kentucky
2020-07,78.7,1.3,Kentucky
2020-08,74.8,-0.6,Kentucky
2020-09,68.3,-0.4,Kentucky
2020-10,57.8,-0.8,Kentucky
2020-11,49.9,3.0,Kentucky
2020-12,37.3,-4.0,Kentucky
2021-01,35.7,-1.7,Kentucky
2021-02,32.3,-6.7,Kentucky
2021-03,50.4,0.8,Kentucky
2021-04,54.6,-0.1,Kentucky
2021-05,62.4,-1.7,Kentucky
2021-06,73.4,0.8,Kentucky
2021-07,75.8,-1.6,Kentucky
2021-08,76.6,1.2,Kentucky
2021-09,68.9,0.2,Kentucky
2021-10,62.4,3.8,Kentucky
2021-11,43.4,-3.5,Kentucky
2021-12,47.6,6.3,Kentucky
2022-01,31.3,-6.1,Kentucky
2022-02,38.4,-0.6,Kentucky
2022-03,49.1,-0.5,Kentucky
2022-04,54.4,-0.3,Kentucky
2022-05,67.5,3.4,Kentucky
2022-06,74.0,1.4,Kentucky
2022-07,78.2,0.8,Kentucky
2022-08,75.3,-0.1,Kentucky
2022-09,68.1,-0.6,Kentucky
2022-10,55.0,-3.6,Kentucky
2022-11,46.8,-0.1,Kentucky
2022-12,37.8,-3.5,Kentucky
2023-01,42.4,5.0,Kentucky
2023-02,45.7,6.7,Kentucky
2023-03,47.3,-2.3,Kentucky
2023-04,56.8,2.1,Kentucky
2023-05,64.1,0.0,Kentucky
2023-06,70.3,-2.3,Kentucky
2023-07,76.7,-0.7,Kentucky
2023-08,74.7,-0.7,Kentucky
2023-09,69.6,0.9,Kentucky
2023-10,59.3,0.7,Kentucky
2023-11,47.5,0.6,Kentucky
2023-12,42.6,1.3,Kentucky
2020-01,53.7,1.6,Louisiana
2020-02,54.0,1.1,Louisiana
2020-03,67.3,4.3,Louisiana
2020-04,66.6,0.4,Louisiana
2020-05,73.0,-1.3,Louisiana
2020-06,79.7,-1.5,Louisiana
2020-07,82.8,-0.5,Louisiana
2020-08,82.2,-1.4,Louisiana
2020-09,77.6,-0.5,Louisiana
2020-10,68.2,-0.7,Louisiana
2020-11,61.9,3.3,Louisiana
2020-12,50.9,-4.2,Louisiana
2021-01,50.6,-1.5,Louisiana
2021-02,47.8,-5.1,Louisiana
2021-03,62.2,-0.8,Louisiana
2021-04,64.7,-1.5,Louisiana
2021-05,72.3,-2.0,Louisiana
2021-06,80.4,-0.8,Louisiana
2021-07,81.8,-1.5,Louisiana
2021-08,82.6,-1.0,Louisiana
2021-09,76.9,-1.2,Louisiana
2021-10,71.7,2.8,Louisiana
2021-11,56.4,-2.2,Louisiana
2021-12,62.4,7.3,Louisiana
2022-01,48.2,-3.9,Louisiana
2022-02,51.3,-1.6,Louisiana
2022-03,58.9,-4.1,Louisiana
2022-04,67.4,1.2,Louisiana
2022-05,77.0,2.7,Louisiana
2022-06,82.7,1.5,Louisiana
2022-07,83.9,0.6,Louisiana
2022-08,81.8,-1.8,Louisiana
2022-09,77.3,-0.8,Louisiana
2022-10,66.2,-2.7,Louisiana
2022-11,58.2,-0.4,Louisiana
2022-12,54.1,-1.0,Louisiana
2023-01,55.9,3.8,Louisiana
2023-02,58.3,5.4,Louisiana
2023-03,63.6,0.6,Louisiana
2023-04,66.1,-0.1,Louisiana
2023-05,74.8,0.5,Louisiana
2023-06,82.0,0.8,Louisiana
2023-07,84.8,1.5,Louisiana
2023-08,87.8,4.2,Louisiana
2023-09,80.6,2.5,Louisiana
2023-10,69.5,0.6,Louisiana
2023-11,58.0,-0.6,Louisiana
2023-12,53.1,-2.0,Louisiana
2020-01,20.8,1.5,Maine
2020-02,20.1,1.1,Maine
2020-03,29.6,0.0,Maine
2020-04,37.7,-3.1,Maine
2020-05,51.2,-1.1,Maine
2020-06,62.5,0.7,Maine
2020-07,68.9,1.3,Maine
2020-08,65.6,-0.5,Maine
2020-09,56.8,-1.7,Maine
2020-10,44.7,-4.2,Maine
2020-11,37.0,1.7,Maine
2020-12,27.2,0.1,Maine
2021-01,21.4,2.1,Maine
2021-02,18.5,-0.5,Maine
2021-03,29.4,-0.2,Maine
2021-04,43.2,2.4,Maine
2021-05,52.4,0.1,Maine
2021-06,64.9,3.1,Maine
2021-07,63.7,-3.9,Maine
2021-08,68.2,2.1,Maine
2021-09,59.0,0.5,Maine
2021-10,50.2,1.3,Maine
2021-11,35.3,0.0,Maine
2021-12,24.5,-2.6,Maine
2022-01,10.8,-8.5,Maine
2022-02,19.2,0.2,Maine
2022-03,29.0,-0.6,Maine
2022-04,40.6,-0.2,Maine
2022-05,54.4,2.1,Maine
2022-06,60.1,-1.7,Maine
2022-07,67.8,0.2,Maine
2022-08,67.3,1.2,Maine
2022-09,57.2,-1.3,Maine
2022-10,49.2,0.3,Maine
2022-11,37.4,2.1,Maine
2022-12,27.6,0.5,Maine
2023-01,24.1,4.8,Maine
2023-02,18.2,-0.8,Maine
2023-03,30.2,0.6,Maine
2023-04,41.7,0.9,Maine
2023-05,51.3,-1.0,Maine
2023-06,59.8,-2.0,Maine
2023-07,69.9,2.3,Maine
2023-08,63.4,-2.7,Maine
2023-09,60.9,2.4,Maine
2023-10,51.6,2.7,Maine
2023-11,31.6,-3.7,Maine
2023-12,28.9,1.8,Maine
2020-01,39.1,2.2,Maryland
2020-02,41.0,1.9,Maryland
2020-03,49.3,2.2,Maryland
2020-04,51.6,-2.9,Maryland
2020-05,60.5,-1.6,Maryland
2020-06,72.7,0.9,Maryland
2020-07,80.1,1.8,Maryland
2020-08,76.6,0.2,Maryland
2020-09,67.3,-1.4,Maryland
2020-10,59.0,0.0,Maryland
2020-11,50.9,3.5,Maryland
2020-12,38.3,-2.0,Maryland
2021-01,35.4,-1.5,Maryland
2021-02,34.2,-4.9,Maryland
2021-03,47.2,0.1,Maryland
2021-04,55.0,0.5,Maryland
2021-05,62.2,0.1,Maryland
2021-06,73.1,1.3,Maryland
2021-07,77.2,-1.1,Maryland
2021-08,77.1,0.7,Maryland
2021-09,69.6,0.9,Maryland
2021-10,62.9,3.9,Maryland
2021-11,44.4,-3.0,Maryland
2021-12,43.8,3.5,Maryland
2022-01,30.9,-6.0,Maryland
2022-02,38.4,-0.7,Maryland
2022-03,46.7,-0.4,Maryland
2022-04,53.1,-1.4,Maryland
2022-05,64.6,2.5,Maryland
2022-06,72.1,0.3,Maryland
2022-07,77.7,-0.6,Maryland
2022-08,76.7,0.3,Maryland
2022-09,68.5,-0.2,Maryland
2022-10,54.6,-4.4,Maryland
2022-11,48.8,1.4,Maryland
2022-12,36.5,-3.8,Maryland
2023-01,42.0,5.1,Maryland
2023-02,42.8,3.7,Maryland
2023-03,45.1,-2.0,Maryland
2023-04,58.1,3.6,Maryland
2023-05,60.9,-1.2,Maryland
2023-06,69.3,-2.5,Maryland
2023-07,78.2,-0.1,Maryland
2023-08,75.1,-1.3,Maryland
2023-09,69.4,0.7,Maryland
2023-10,59.4,0.4,Maryland
2023-11,45.3,-2.1,Maryland
2023-12,42.5,2.2,Maryland
2020-01,32.0,2.1,Massachusetts
2020-02,32.4,1.9,Massachusetts
2020-03,40.2,1.7,Massachusetts
2020-04,43.1,-3.8,Massachusetts
2020-05,56.2,-1.3,Massachusetts
2020-06,67.6,0.9,Massachusetts
2020-07,74.6,1.7,Massachusetts
2020-08,71.7,0.0,Massachusetts
2020-09,62.8,-0.9,Massachusetts
2020-10,52.4,-1.9,Massachusetts
2020-11,44.7,2.5,Massachusetts
2020-12,33.1,-1.9,Massachusetts
2021-01,28.8,-1.1,Massachusetts
2021-02,27.6,-2.9,Massachusetts
2021-03,38.3,-0.2,Massachusetts
2021-04,47.8,0.9,Massachusetts
2021-05,57.6,0.1,Massachusetts
2021-06,69.2,2.5,Massachusetts
2021-07,69.8,-3.1,Massachusetts
2021-08,72.7,1.0,Massachusetts
2021-09,64.8,1.1,Massachusetts
2021-10,56.3,2.0,Massachusetts
2021-11,40.8,-1.4,Massachusetts
2021-12,36.0,1.0,Massachusetts
2022-01,23.5,-6.4,Massachusetts
2022-02,29.9,-0.6,Massachusetts
2022-03,38.1,-0.4,Massachusetts
2022-04,47.0,0.1,Massachusetts
2022-05,59.8,2.3,Massachusetts
2022-06,65.6,-1.1,Massachusetts
2022-07,73.3,0.4,Massachusetts
2022-08,73.9,2.2,Massachusetts
2022-09,62.4,-1.3,Massachusetts
2022-10,52.4,-1.9,Massachusetts
2022-11,44.6,2.4,Massachusetts
2022-12,33.1,-1.9,Massachusetts
2023-01,35.2,5.3,Massachusetts
2023-02,32.2,1.7,Massachusetts
2023-03,37.5,-1.0,Massachusetts
2023-04,49.8,2.9,Massachusetts
2023-05,56.2,-1.3,Massachusetts
2023-06,64.5,-2.2,Massachusetts
2023-07,73.9,1.0,Massachusetts
2023-08,68.5,-3.2,Massachusetts
2023-09,64.6,0.9,Massachusetts
2023-10,55.9,1.6,Massachusetts
2023-11,38.8,-3.4,Massachusetts
2023-12,37.8,2.8,Massachusetts
2020-01,27.0,3.1,Michigan
2020-02,23.7,1.9,Michigan
2020-03,35.0,1.4,Michigan
2020-04,40.2,-2.4,Michigan
2020-05,53.2,-1.8,Michigan
2020-06,66.0,0.1,Michigan
2020-07,72.5,2.8,Michigan
2020-08,68.6,0.2,Michigan
2020-09,58.2,-2.5,Michigan
2020-10,44.4,-5.2,Michigan
2020-11,41.1,3.0,Michigan
2020-12,28.6,-1.6,Michigan
2021-01,25.0,1.1,Michigan
2021-02,17.4,-4.4,Michigan
2021-03,36.8,3.2,Michigan
2021-04,45.1,2.5,Michigan
2021-05,54.0,-1.0,Michigan
2021-06,67.8,1.9,Michigan
2021-07,68.7,-1.0,Michigan
2021-08,71.0,2.6,Michigan
2021-09,61.4,0.7,Michigan
2021-10,55.2,5.6,Michigan
2021-11,36.3,-1.8,Michigan
2021-12,30.1,-0.1,Michigan
2022-01,15.4,-8.5,Michigan
2022-02,19.5,-2.3,Michigan
2022-03,31.0,-2.6,Michigan
2022-04,40.2,-2.4,Michigan
2022-05,57.6,2.6,Michigan
2022-06,65.0,-0.9,Michigan
2022-07,69.2,-0.5,Michigan
2022-08,68.2,-0.2,Michigan
2022-09,60.9,0.2,Michigan
2022-10,48.3,-1.3,Michigan
2022-11,38.6,0.5,Michigan
2022-12,26.9,-3.3,Michigan
2023-01,28.2,4.3,Michigan
2023-02,26.5,4.7,Michigan
2023-03,31.4,-2.2,Michigan
2023-04,44.9,2.3,Michigan
2023-05,55.0,0.0,Michigan
2023-06,64.7,-1.2,Michigan
2023-07,68.4,-1.3,Michigan
2023-08,65.7,-2.7,Michigan
2023-09,62.1,1.4,Michigan
2023-10,50.5,0.9,Michigan
2023-11,36.3,-1.8,Michigan
2023-12,35.1,4.9,Michigan
2020-01,14.1,1.3,Minnesota
2020-02,14.0,3.7,Minnesota
2020-03,30.4,2.0,Minnesota
2020-04,39.4,0.5,Minnesota
2020-05,53.5,-2.3,Minnesota
2020-06,67.7,-0.5,Minnesota
2020-07,71.3,1.4,Minnesota
2020-08,68.2,0.0,Minnesota
2020-09,56.5,-4.0,Minnesota
2020-10,38.9,-7.3,Minnesota
2020-11,33.9,1.8,Minnesota
2020-12,21.0,0.7,Minnesota
2021-01,18.2,5.4,Minnesota
2021-02,6.5,-3.8,Minnesota
2021-03,35.6,7.2,Minnesota
2021-04,42.3,3.4,Minnesota
2021-05,55.1,-0.7,Minnesota
2021-06,69.9,1.7,Minnesota
2021-07,71.1,1.2,Minnesota
2021-08,69.4,1.2,Minnesota
2021-09,61.6,1.1,Minnesota
2021-10,51.5,5.3,Minnesota
2021-11,32.2,0.1,Minnesota
2021-12,18.2,-2.1,Minnesota
2022-01,3.6,-9.2,Minnesota
2022-02,6.5,-3.8,Minnesota
2022-03,26.1,-2.3,Minnesota
2022-04,35.6,-3.3,Minnesota
2022-05,55.3,-0.5,Minnesota
2022-06,66.2,-2.0,Minnesota
2022-07,69.7,-0.2,Minnesota
2022-08,67.3,-0.9,Minnesota
2022-09,60.3,-0.2,Minnesota
2022-10,46.9,0.7,Minnesota
2022-11,30.0,-2.1,Minnesota
2022-12,12.5,-7.8,Minnesota
2023-01,15.2,2.4,Minnesota
2023-02,14.1,3.8,Minnesota
2023-03,21.3,-7.1,Minnesota
2023-04,38.3,-0.6,Minnesota
2023-05,59.3,3.5,Minnesota
2023-06,68.9,0.7,Minnesota
2023-07,67.3,-2.6,Minnesota
2023-08,67.9,-0.3,Minnesota
2023-09,63.5,3.0,Minnesota
2023-10,47.6,1.4,Minnesota
2023-11,32.4,0.3,Minnesota
2023-12,29.6,9.3,Minnesota
2020-01,50.1,1.8,Mississippi
2020-02,51.1,1.2,Mississippi
2020-03,64.1,3.9,Mississippi
2020-04,62.9,-0.2,Mississippi
2020-05,70.3,-1.6,Mississippi
2020-06,78.1,-1.1,Mississippi
2020-07,82.1,0.0,Mississippi
2020-08,80.2,-1.3,Mississippi
2020-09,75.3,-0.4,Mississippi
2020-10,65.8,-0.1,Mississippi
2020-11,58.4,3.1,Mississippi
2020-12,47.0,-4.4,Mississippi
2021-01,46.6,-1.7,Mississippi
2021-02,44.2,-5.7,Mississippi
2021-03,60.0,-0.2,Mississippi
2021-04,61.8,-1.3,Mississippi
2021-05,69.9,-2.0,Mississippi
2021-06,78.1,-1.1,Mississippi
2021-07,80.4,-1.7,Mississippi
2021-08,80.8,-0.7,Mississippi
2021-09,74.8,-0.9,Mississippi
2021-10,68.3,2.4,Mississippi
2021-11,52.7,-2.6,Mississippi
2021-12,58.6,7.2,Mississippi
2022-01,44.2,-4.1,Mississippi
2022-02,48.7,-1.2,Mississippi
2022-03,57.1,-3.1,Mississippi
2022-04,64.0,0.9,Mississippi
2022-05,75.0,3.1,Mississippi
2022-06,81.2,2.0,Mississippi
2022-07,82.9,0.8,Mississippi
2022-08,80.2,-1.3,Mississippi
2022-09,74.8,-0.9,Mississippi
2022-10,62.8,-3.1,Mississippi
2022-11,55.0,-0.3,Mississippi
2022-12,50.1,-1.3,Mississippi
2023-01,52.3,4.0,Mississippi
2023-02,55.4,5.5,Mississippi
2023-03,59.4,-0.8,Mississippi
2023-04,63.7,0.6,Mississippi
2023-05,72.4,0.5,Mississippi
2023-06,79.2,0.0,Mississippi
2023-07,82.8,0.7,Mississippi
2023-08,84.6,3.1,Mississippi
2023-09,77.8,2.1,Mississippi
2023-10,66.6,0.7,Mississippi
2023-11,55.2,-0.1,Mississippi
2023-12,49.8,-1.6,Mississippi
2020-01,34.5,1.1,Missouri
2020-02,35.4,2.3,Missouri
2020-03,48.8,1.6,Missouri
2020-04,53.1,-1.0,Missouri
2020-05,62.0,-2.1,Missouri
2020-06,75.1,0.3,Missouri
2020-07,79.2,0.8,Missouri
2020-08,74.2,-1.9,Missouri
2020-09,67.3,-2.4,Missouri
2020-10,53.6,-3.6,Missouri
2020-11,49.6,3.2,Missouri
2020-12,36.3,-2.7,Missouri
2021-01,33.6,0.2,Missouri
2021-02,24.4,-8.7,Missouri
2021-03,49.9,2.7,Missouri
2021-04,54.2,0.1,Missouri
2021-05,62.3,-1.8,Missouri
2021-06,74.9,0.1,Missouri
2021-07,76.7,-1.7,Missouri
2021-08,77.4,1.3,Missouri
2021-09,71.5,1.8,Missouri
2021-10,60.5,3.3,Missouri
2021-11,45.5,-0.9,Missouri
2021-12,44.7,5.7,Missouri
2022-01,28.4,-5.0,Missouri
2022-02,32.5,-0.6,Missouri
2022-03,46.1,-1.1,Missouri
2022-04,53.0,-1.1,Missouri
2022-05,65.9,1.8,Missouri
2022-06,75.3,0.5,Missouri
2022-07,79.8,1.4,Missouri
2022-08,76.4,0.3,Missouri
2022-09,69.5,-0.2,Missouri
2022-10,56.0,-1.2,Missouri
2022-11,44.3,-2.1,Missouri
2022-12,33.1,-5.9,Missouri
2023-01,37.2,3.8,Missouri
2023-02,39.9,6.8,Missouri
2023-03,43.8,-3.4,Missouri
2023-04,56.1,2.0,Missouri
2023-05,66.0,1.9,Missouri
2023-06,73.8,-1.0,Missouri
2023-07,77.8,-0.6,Missouri
2023-08,76.4,0.3,Missouri
2023-09,70.3,0.6,Missouri
2023-10,58.7,1.5,Missouri
2023-11,46.1,-0.3,Missouri
2023-12,41.9,2.9,Missouri
2020-01,23.4,-0.6,Montana
2020-02,25.6,4.3,Montana
2020-03,31.6,0.4,Montana
2020-04,38.3,0.0,Montana
2020-05,50.6,-0.4,Montana
2020-06,59.3,-1.6,Montana
2020-07,65.6,-3.0,Montana
2020-08,67.4,0.2,Montana
2020-09,57.0,-1.6,Montana
2020-10,39.3,-4.3,Montana
2020-11,32.8,1.2,Montana
2020-12,28.5,5.1,Montana
2021-01,26.7,2.7,Montana
2021-02,13.7,-7.6,Montana
2021-03,36.1,4.9,Montana
2021-04,40.5,2.2,Montana
2021-05,48.6,-2.4,Montana
2021-06,65.3,4.4,Montana
2021-07,72.5,3.9,Montana
2021-08,64.7,-2.5,Montana
2021-09,58.3,-0.3,Montana
2021-10,45.6,2.0,Montana
2021-11,36.3,4.7,Montana
2021-12,19.3,-4.1,Montana
2022-01,22.9,-1.1,Montana
2022-02,22.6,1.3,Montana
2022-03,33.5,2.3,Montana
2022-04,35.2,-3.1,Montana
2022-05,48.5,-2.5,Montana
2022-06,58.5,-2.4,Montana
2022-07,69.0,0.4,Montana
2022-08,69.7,2.5,Montana
2022-09,60.6,2.0,Montana
2022-10,47.1,3.5,Montana
2022-11,22.7,-8.9,Montana
2022-12,14.6,-8.8,Montana
2023-01,22.9,-1.1,Montana
2023-02,23.3,2.0,Montana
2023-03,23.4,-7.8,Montana
2023-04,39.2,0.9,Montana
2023-05,56.3,5.3,Montana
2023-06,60.4,-0.5,Montana
2023-07,67.4,-1.2,Montana
2023-08,66.8,-0.4,Montana
2023-09,58.5,-0.1,Montana
2023-10,42.4,-1.2,Montana
2023-11,34.5,2.9,Montana
2023-12,31.3,7.9,Montana
2020-01,27.2,0.5,Nebraska
2020-02,29.6,4.6,Nebraska
2020-03,41.1,2.3,Nebraska
2020-04,46.1,-0.8,Nebraska
2020-05,56.8,-2.1,Nebraska
2020-06,73.5,1.6,Nebraska
2020-07,75.3,0.4,Nebraska
2020-08,74.0,-0.3,Nebraska
2020-09,62.7,-3.6,Nebraska
2020-10,46.4,-4.3,Nebraska
2020-11,42.6,2.4,Nebraska
2020-12,31.3,0.8,Nebraska
2021-01,29.3,2.6,Nebraska
2021-02,16.5,-8.5,Nebraska
2021-03,42.6,3.8,Nebraska
2021-04,46.9,0.0,Nebraska
2021-05,57.9,-1.0,Nebraska
2021-06,72.8,0.9,Nebraska
2021-07,75.0,0.1,Nebraska
2021-08,74.3,0.0,Nebraska
2021-09,67.6,1.3,Nebraska
2021-10,53.2,2.5,Nebraska
2021-11,42.6,2.4,Nebraska
2021-12,33.8,3.3,Nebraska
2022-01,25.6,-1.1,Nebraska
2022-02,26.9,1.9,Nebraska
2022-03,38.1,-0.7,Nebraska
2022-04,46.6,-0.3,Nebraska
2022-05,58.7,-0.2,Nebraska
2022-06,71.4,-0.5,Nebraska
2022-07,76.5,1.6,Nebraska
2022-08,75.0,0.7,Nebraska
2022-09,67.5,1.2,Nebraska
2022-10,52.2,1.5,Nebraska
2022-11,34.6,-5.6,Nebraska
2022-12,22.7,-7.8,Nebraska
2023-01,24.8,-1.9,Nebraska
2023-02,26.8,1.8,Nebraska
2023-03,33.5,-5.3,Nebraska
2023-04,48.1,1.2,Nebraska
2023-05,62.0,3.1,Nebraska
2023-06,69.8,-2.1,Nebraska
2023-07,72.8,-2.1,Nebraska
2023-08,73.8,-0.5,Nebraska
2023-09,67.3,1.0,Nebraska
2023-10,51.1,0.4,Nebraska
2023-11,40.8,0.6,Nebraska
2023-12,34.0,3.5,Nebraska
2020-01,35.3,2.2,Nevada
2020-02,36.3,2.0,Nevada
2020-03,40.5,1.3,Nevada
2020-04,48.8,0.8,Nevada
2020-05,58.8,1.8,Nevada
2020-06,65.0,-1.6,Nevada
2020-07,74.2,-2.0,Nevada
2020-08,75.6,2.2,Nevada
2020-09,66.6,1.1,Nevada
2020-10,55.3,2.4,Nevada
2020-11,40.5,0.3,Nevada
2020-12,32.4,-1.0,Nevada
2021-01,33.7,0.6,Nevada
2021-02,35.6,1.3,Nevada
2021-03,39.2,0.0,Nevada
2021-04,49.3,1.3,Nevada
2021-05,57.2,0.2,Nevada
2021-06,72.6,6.0,Nevada
2021-07,77.8,1.6,Nevada
2021-08,72.4,-1.0,Nevada
2021-09,65.5,0.0,Nevada
2021-10,49.6,-3.3,Nevada
2021-11,45.2,5.0,Nevada
2021-12,32.4,-1.0,Nevada
2022-01,34.2,1.1,Nevada
2022-02,34.6,0.3,Nevada
2022-03,43.3,4.1,Nevada
2022-04,47.3,-0.7,Nevada
2022-05,54.5,-2.5,Nevada
2022-06,66.9,0.3,Nevada
2022-07,76.3,0.1,Nevada
2022-08,74.4,1.0,Nevada
2022-09,67.6,2.1,Nevada
2022-10,54.3,1.4,Nevada
2022-11,34.3,-5.9,Nevada
2022-12,31.7,-1.7,Nevada
2023-01,29.2,-3.9,Nevada
2023-02,30.8,-3.5,Nevada
2023-03,33.7,-5.5,Nevada
2023-04,46.7,-1.3,Nevada
2023-05,57.4,0.4,Nevada
2023-06,62.0,-4.6,Nevada
2023-07,76.3,0.1,Nevada
2023-08,71.1,-2.3,Nevada
2023-09,62.1,-3.4,Nevada
2023-10,52.3,-0.6,Nevada
2023-11,40.7,0.5,Nevada
2023-12,37.1,3.7,Nevada
2020-01,25.2,2.2,New Hampshire
2020-02,24.2,1.1,New Hampshire
2020-03,34.2,1.5,New Hampshire
2020-04,39.6,-3.2,New Hampshire
2020-05,53.4,-1.1,New Hampshire
2020-06,64.0,0.5,New Hampshire
2020-07,71.1,2.1,New Hampshire
2020-08,66.5,-1.0,New Hampshire
2020-09,58.5,-1.2,New Hampshire
2020-10,47.0,-3.0,New Hampshire
2020-11,38.5,1.6,New Hampshire
2020-12,28.0,-1.4,New Hampshire
2021-01,23.0,0.0,New Hampshire
2021-02,20.6,-2.5,New Hampshire
2021-03,32.4,-0.3,New Hampshire
2021-04,44.0,1.2,New Hampshire
2021-05,54.5,0.0,New Hampshire
2021-06,66.1,2.6,New Hampshire
2021-07,65.6,-3.4,New Hampshire
2021-08,69.2,1.7,New Hampshire
2021-09,60.5,0.8,New Hampshire
2021-10,52.1,2.1,New Hampshire
2021-11,35.9,-1.0,New Hampshire
2021-12,28.9,-0.5,New Hampshire
2022-01,14.7,-8.3,New Hampshire
2022-02,23.5,0.4,New Hampshire
2022-03,32.0,-0.7,New Hampshire
2022-04,42.6,-0.2,New Hampshire
2022-05,57.2,2.7,New Hampshire
2022-06,61.8,-1.7,New Hampshire
2022-07,68.7,-0.3,New Hampshire
2022-08,69.8,2.3,New Hampshire
2022-09,58.2,-1.5,New Hampshire
2022-10,48.7,-1.3,New Hampshire
2022-11,39.5,2.6,New Hampshire
2022-12,28.3,-1.1,New Hampshire
2023-01,29.0,6.0,New Hampshire
2023-02,24.2,1.1,New Hampshire
2023-03,32.3,-0.4,New Hampshire
2023-04,45.0,2.2,New Hampshire
2023-05,52.9,-1.6,New Hampshire
2023-06,61.9,-1.6,New Hampshire
2023-07,70.5,1.5,New Hampshire
2023-08,64.5,-3.0,New Hampshire
2023-09,61.7,2.0,New Hampshire
2023-10,52.3,2.3,New Hampshire
2023-11,33.6,-3.3,New Hampshire
2023-12,32.4,3.0,New Hampshire
2020-01,37.3,2.1,New Jersey
2020-02,39.1,2.6,New Jersey
2020-03,46.3,2.2,New Jersey
2020-04,48.7,-3.3,New Jersey
2020-05,59.1,-1.5,New Jersey
2020-06,71.5,1.2,New Jersey
2020-07,78.8,1.4,New Jersey
2020-08,75.5,0.1,New Jersey
2020-09,66.8,-1.0,New Jersey
2020-10,57.0,-0.6,New Jersey
2020-11,49.2,3.2,New Jersey
2020-12,37.0,-1.8,New Jersey
2021-01,33.7,-1.5,New Jersey
2021-02,32.0,-4.5,New Jersey
2021-03,44.0,-0.1,New Jersey
2021-04,52.6,0.6,New Jersey
2021-05,60.8,0.2,New Jersey
2021-06,71.8,1.5,New Jersey
2021-07,75.7,-1.7,New Jersey
2021-08,75.9,0.5,New Jersey
2021-09,68.7,0.9,New Jersey
2021-10,61.0,3.4,New Jersey
2021-11,43.6,-2.4,New Jersey
2021-12,41.2,2.4,New Jersey
2022-01,28.6,-6.6,New Jersey
2022-02,35.6,-0.9,New Jersey
2022-03,43.9,-0.2,New Jersey
2022-04,51.1,-0.9,New Jersey
2022-05,63.2,2.6,New Jersey
2022-06,69.9,-0.4,New Jersey
2022-07,77.9,0.5,New Jersey
2022-08,77.2,1.8,New Jersey
2022-09,67.6,-0.2,New Jersey
2022-10,54.0,-3.6,New Jersey
2022-11,47.6,1.6,New Jersey
2022-12,35.5,-3.3,New Jersey
2023-01,41.2,6.0,New Jersey
2023-02,39.2,2.7,New Jersey
2023-03,42.2,-1.9,New Jersey
2023-04,55.4,3.4,New Jersey
2023-05,59.3,-1.3,New Jersey
2023-06,67.8,-2.5,New Jersey
2023-07,77.1,-0.3,New Jersey
2023-08,73.1,-2.3,New Jersey
2023-09,68.0,0.2,New Jersey
2023-10,58.5,0.9,New Jersey
2023-11,43.4,-2.6,New Jersey
2023-12,41.5,2.7,New Jersey
2020-01,37.1,1.3,New Mexico
2020-02,38.5,1.5,New Mexico
2020-03,48.0,2.7,New Mexico
2020-04,54.0,0.4,New Mexico
2020-05,65.1,1.4,New Mexico
2020-06,72.5,0.5,New Mexico
2020-07,76.6,0.4,New Mexico
2020-08,76.2,2.3,New Mexico
2020-09,65.0,-2.6,New Mexico
2020-10,56.6,0.7,New Mexico
2020-11,47.5,2.3,New Mexico
2020-12,35.0,-3.2,New Mexico
2021-01,35.1,-0.7,New Mexico
2021-02,37.3,0.3,New Mexico
2021-03,44.8,-0.5,New Mexico
2021-04,53.2,-0.4,New Mexico
2021-05,62.7,-1.0,New Mexico
2021-06,73.1,1.1,New Mexico
2021-07,73.3,-2.9,New Mexico
2021-08,72.2,-1.7,New Mexico
2021-09,68.3,0.7,New Mexico
2021-10,55.6,-0.3,New Mexico
2021-11,47.6,2.4,New Mexico
2021-12,42.0,3.8,New Mexico
2022-01,35.6,-0.2,New Mexico
2022-02,35.0,-2.0,New Mexico
2022-03,44.4,-0.9,New Mexico
2022-04,55.3,1.7,New Mexico
2022-05,64.8,1.1,New Mexico
2022-06,72.6,0.6,New Mexico
2022-07,76.3,0.1,New Mexico
2022-08,71.9,-2.0,New Mexico
2022-09,68.0,0.4,New Mexico
2022-10,53.9,-2.0,New Mexico
2022-11,40.1,-5.1,New Mexico
2022-12,37.2,-1.0,New Mexico
2023-01,35.4,-0.4,New Mexico
2023-02,37.1,0.1,New Mexico
2023-03,43.9,-1.4,New Mexico
2023-04,52.0,-1.6,New Mexico
2023-05,62.3,-1.4,New Mexico
2023-06,69.7,-2.3,New Mexico
2023-07,78.7,2.5,New Mexico
2023-08,75.2,1.3,New Mexico
2023-09,68.9,1.3,New Mexico
2023-10,57.4,1.5,New Mexico
2023-11,45.4,0.2,New Mexico
2023-12,38.5,0.3,New Mexico
2020-01,27.7,3.2,New York
2020-02,26.6,1.5,New York
2020-03,37.2,2.5,New York
2020-04,41.1,-3.6,New York
2020-05,54.2,-1.1,New York
2020-06,65.2,0.4,New York
2020-07,72.9,2.6,New York
2020-08,68.6,-0.1,New York
2020-09,59.6,-1.3,New York
2020-10,49.0,-2.4,New York
2020-11,41.9,2.9,New York
2020-12,29.8,-1.8,New York
2021-01,24.0,-0.5,New York
2021-02,21.7,-3.4,New York
2021-03,35.0,0.3,New York
2021-04,45.7,1.0,New York
2021-05,54.7,-0.6,New York
2021-06,67.1,2.3,New York
2021-07,67.7,-2.6,New York
2021-08,70.4,1.7,New York
2021-09,61.7,0.8,New York
2021-10,54.8,3.4,New York
2021-11,37.0,-2.0,New York
2021-12,32.8,1.2,New York
2022-01,15.8,-8.7,New York
2022-02,23.8,-1.3,New York
2022-03,33.8,-0.9,New York
2022-04,43.8,-0.9,New York
2022-05,58.6,3.3,New York
2022-06,63.8,-1.0,New York
2022-07,69.7,-0.6,New York
2022-08,70.0,1.3,New York
2022-09,60.5,-0.4,New York
2022-10,48.9,-2.5,New York
2022-11,41.0,2.0,New York
2022-12,29.0,-2.6,New York
2023-01,30.5,6.0,New York
2023-02,28.1,3.0,New York
2023-03,32.6,-2.1,New York
2023-04,48.0,3.3,New York
2023-05,53.8,-1.5,New York
2023-06,63.1,-1.7,New York
2023-07,70.7,0.4,New York
2023-08,65.8,-2.9,New York
2023-09,61.7,0.8,New York
2023-10,53.0,1.6,New York
2023-11,36.1,-2.9,New York
2023-12,34.9,3.3,New York
2020-01,46.0,2.9,North Carolina
2020-02,47.0,0.4,North Carolina
2020-03,55.9,2.3,North Carolina
2020-04,57.4,-1.4,North Carolina
2020-05,63.6,-1.9,North Carolina
2020-06,73.2,0.0,North Carolina
2020-07,79.6,1.0,North Carolina
2020-08,77.5,0.2,North Carolina
2020-09,69.7,-0.6,North Carolina
2020-10,63.0,1.6,North Carolina
2020-11,54.8,3.2,North Carolina
2020-12,42.2,-3.0,North Carolina
2021-01,40.8,-2.3,North Carolina
2021-02,42.2,-4.4,North Carolina
2021-03,53.1,-0.5,North Carolina
2021-04,58.6,-0.2,North Carolina
2021-05,65.5,0.0,North Carolina
2021-06,73.8,0.6,North Carolina
2021-07,77.1,-1.5,North Carolina
2021-08,77.8,0.5,North Carolina
2021-09,70.6,0.3,North Carolina
2021-10,64.4,3.0,North Carolina
2021-11,48.1,-3.5,North Carolina
2021-12,50.8,5.6,North Carolina
2022-01,38.7,-4.4,North Carolina
2022-02,46.0,-0.6,North Carolina
2022-03,53.4,-0.2,North Carolina
2022-04,58.8,0.0,North Carolina
2022-05,68.8,3.3,North Carolina
2022-06,75.1,1.9,North Carolina
2022-07,79.1,0.5,North Carolina
2022-08,76.5,-0.8,North Carolina
2022-09,70.3,0.0,North Carolina
2022-10,57.4,-4.0,North Carolina
2022-11,53.2,1.6,North Carolina
2022-12,41.8,-3.4,North Carolina
2023-01,46.7,3.6,North Carolina
2023-02,51.2,4.6,North Carolina
2023-03,52.1,-1.5,North Carolina
2023-04,60.2,1.4,North Carolina
2023-05,64.1,-1.4,North Carolina
2023-06,70.8,-2.4,North Carolina
2023-07,78.5,-0.1,North Carolina
2023-08,77.2,-0.1,North Carolina
2023-09,70.7,0.4,North Carolina
2023-10,60.8,-0.6,North Carolina
2023-11,50.1,-1.5,North Carolina
2023-12,46.0,0.8,North Carolina
2020-01,12.9,-1.0,North Dakota
2020-02,17.8,5.9,North Dakota
2020-03,29.8,3.1,North Dakota
2020-04,37.6,0.9,North Dakota
2020-05,52.5,-2.1,North Dakota
2020-06,66.9,-0.6,North Dakota
2020-07,70.3,-0.2,North Dakota
2020-08,69.2,0.3,North Dakota
2020-09,57.1,-3.5,North Dakota
2020-10,37.8,-6.2,North Dakota
2020-11,31.8,2.2,North Dakota
2020-12,23.4,5.7,North Dakota
2021-01,21.0,7.1,North Dakota
2021-02,5.8,-6.1,North Dakota
2021-03,35.9,9.2,North Dakota
2021-04,40.7,4.0,North Dakota
2021-05,52.8,-1.8,North Dakota
2021-06,69.3,1.8,North Dakota
2021-07,73.8,3.3,North Dakota
2021-08,68.9,0.0,North Dakota
2021-09,62.2,1.6,North Dakota
2021-10,48.6,4.6,North Dakota
2021-11,32.6,3.0,North Dakota
2021-12,14.0,-3.7,North Dakota
2022-01,8.7,-5.2,North Dakota
2022-02,9.4,-2.5,North Dakota
2022-03,26.9,0.2,North Dakota
2022-04,33.6,-3.1,North Dakota
2022-05,52.9,-1.7,North Dakota
2022-06,64.6,-2.9,North Dakota
2022-07,70.7,0.2,North Dakota
2022-08,69.5,0.6,North Dakota
2022-09,61.0,0.4,North Dakota
2022-10,46.0,2.0,North Dakota
2022-11,23.1,-6.5,North Dakota
2022-12,6.7,-11.0,North Dakota
2023-01,13.1,-0.8,North Dakota
2023-02,14.5,2.6,North Dakota
2023-03,14.0,-12.7,North Dakota
2023-04,34.7,-2.0,North Dakota
2023-05,60.1,5.5,North Dakota
2023-06,69.2,1.7,North Dakota
2023-07,67.2,-3.3,North Dakota
2023-08,67.9,-1.0,North Dakota
2023-09,61.9,1.3,North Dakota
2023-10,43.7,-0.3,North Dakota
2023-11,31.0,1.4,North Dakota
2023-12,26.7,9.0,North Dakota
2020-01,34.9,3.3,Ohio
2020-02,32.8,1.0,Ohio
2020-03,44.7,1.4,Ohio
2020-04,47.8,-2.2,Ohio
2020-05,58.4,-1.7,Ohio
2020-06,70.4,0.5,Ohio
2020-07,76.9,2.5,Ohio
2020-08,72.2,-0.2,Ohio
2020-09,64.7,-1.0,Ohio
2020-10,53.5,-1.9,Ohio
2020-11,46.4,3.1,Ohio
2020-12,33.6,-3.1,Ohio
2021-01,30.9,-0.7,Ohio
2021-02,25.2,-6.6,Ohio
2021-03,44.8,1.5,Ohio
2021-04,51.4,1.4,Ohio
2021-05,58.8,-1.3,Ohio
2021-06,71.5,1.6,Ohio
2021-07,73.0,-1.4,Ohio
2021-08,74.6,2.2,Ohio
2021-09,66.9,1.2,Ohio
2021-10,60.3,4.9,Ohio
2021-11,40.5,-2.8,Ohio
2021-12,40.2,3.5,Ohio
2022-01,24.0,-7.6,Ohio
2022-02,30.7,-1.1,Ohio
2022-03,43.2,-0.1,Ohio
2022-04,48.6,-1.4,Ohio
2022-05,63.8,3.7,Ohio
2022-06,70.6,0.7,Ohio
2022-07,74.0,-0.4,Ohio
2022-08,72.2,-0.2,Ohio
2022-09,65.2,-0.5,Ohio
2022-10,52.0,-3.4,Ohio
2022-11,43.9,0.6,Ohio
2022-12,32.6,-4.1,Ohio
2023-01,36.7,5.1,Ohio
2023-02,38.6,6.8,Ohio
2023-03,40.6,-2.7,Ohio
2023-04,52.3,2.3,Ohio
2023-05,59.4,-0.7,Ohio
2023-06,66.9,-3.0,Ohio
2023-07,73.5,-0.9,Ohio
2023-08,70.6,-1.8,Ohio
2023-09,65.9,0.2,Ohio
2023-10,55.9,0.5,Ohio
2023-11,42.2,-1.1,Ohio
2023-12,40.3,3.6,Ohio
2020-01,42.2,1.9,Oklahoma
2020-02,41.8,2.9,Oklahoma
2020-03,55.5,2.9,Oklahoma
2020-04,57.9,-0.8,Oklahoma
2020-05,67.2,-1.0,Oklahoma
2020-06,78.8,0.7,Oklahoma
2020-07,82.6,-0.2,Oklahoma
2020-08,79.4,-2.3,Oklahoma
2020-09,70.3,-4.6,Oklahoma
2020-10,58.3,-3.5,Oklahoma
2020-11,53.5,2.7,Oklahoma
2020-12,41.0,-3.1,Oklahoma
2021-01,39.7,-0.6,Oklahoma
2021-02,31.3,-7.6,Oklahoma
2021-03,53.9,1.3,Oklahoma
2021-04,57.4,-1.3,Oklahoma
2021-05,65.9,-2.3,Oklahoma
2021-06,77.4,-0.7,Oklahoma
2021-07,80.0,-2.8,Oklahoma
2021-08,81.3,-0.4,Oklahoma
2021-09,76.7,1.8,Oklahoma
2021-10,64.4,2.6,Oklahoma
2021-11,51.2,0.4,Oklahoma
2021-12,50.4,6.3,Oklahoma
2022-01,37.0,-3.3,Oklahoma
2022-02,38.5,-0.4,Oklahoma
2022-03,50.4,-2.2,Oklahoma
2022-04,61.0,2.3,Oklahoma
2022-05,70.6,2.4,Oklahoma
2022-06,79.4,1.3,Oklahoma
2022-07,86.6,3.8,Oklahoma
2022-08,82.5,0.8,Oklahoma
2022-09,75.9,1.0,Oklahoma
2022-10,62.0,0.2,Oklahoma
2022-11,47.3,-3.5,Oklahoma
2022-12,40.1,-4.0,Oklahoma
2023-01,42.4,2.1,Oklahoma
2023-02,43.9,5.0,Oklahoma
2023-03,50.4,-2.2,Oklahoma
2023-04,58.6,-0.1,Oklahoma
2023-05,69.1,0.9,Oklahoma
2023-06,76.7,-1.4,Oklahoma
2023-07,81.9,-0.9,Oklahoma
2023-08,83.7,2.0,Oklahoma
2023-09,76.7,1.8,Oklahoma
2023-10,62.5,0.7,Oklahoma
2023-11,51.0,0.2,Oklahoma
2023-12,44.9,0.8,Oklahoma
2020-01,34.9,0.7,Oregon
2020-02,35.8,1.4,Oregon
2020-03,38.8,0.6,Oregon
2020-04,46.3,2.2,Oregon
2020-05,52.6,0.6,Oregon
2020-06,57.9,-2.3,Oregon
2020-07,66.0,-2.9,Oregon
2020-08,67.2,-0.7,Oregon
2020-09,62.6,2.0,Oregon
2020-10,51.3,0.6,Oregon
2020-11,38.3,-0.2,Oregon
2020-12,34.2,0.5,Oregon
2021-01,34.8,0.6,Oregon
2021-02,33.6,-0.8,Oregon
2021-03,39.0,0.8,Oregon
2021-04,46.6,2.5,Oregon
2021-05,52.0,0.0,Oregon
2021-06,65.2,5.0,Oregon
2021-07,71.4,2.5,Oregon
2021-08,66.4,-1.5,Oregon
2021-09,59.4,-1.2,Oregon
2021-10,47.6,-3.1,Oregon
2021-11,41.9,3.4,Oregon
2021-12,32.4,-1.3,Oregon
2022-01,34.9,0.7,Oregon
2022-02,35.6,1.2,Oregon
2022-03,41.9,3.7,Oregon
2022-04,40.6,-3.5,Oregon
2022-05,48.1,-3.9,Oregon
2022-06,58.3,-1.9,Oregon
2022-07,69.3,0.4,Oregon
2022-08,70.4,2.5,Oregon
2022-09,62.5,1.9,Oregon
2022-10,53.8,3.1,Oregon
2022-11,33.7,-4.8,Oregon
2022-12,30.6,-3.1,Oregon
2023-01,32.0,-2.2,Oregon
2023-02,32.4,-2.0,Oregon
2023-03,33.2,-5.0,Oregon
2023-04,42.8,-1.3,Oregon
2023-05,55.3,3.3,Oregon
2023-06,59.3,-0.9,Oregon
2023-07,68.9,0.0,Oregon
2023-08,67.7,-0.2,Oregon
2023-09,57.7,-2.9,Oregon
2023-10,50.0,-0.7,Oregon
2023-11,39.9,1.4,Oregon
2023-12,37.4,3.7,Oregon
2020-01,32.2,2.2,Pennsylvania
2020-02,33.3,1.9,Pennsylvania
2020-03,42.5,2.4,Pennsylvania
2020-04,45.1,-3.2,Pennsylvania
2020-05,56.0,-1.4,Pennsylvania
2020-06,67.2,0.3,Pennsylvania
2020-07,74.9,2.2,Pennsylvania
2020-08,71.6,0.5,Pennsylvania
2020-09,62.1,-1.2,Pennsylvania
2020-10,52.2,-1.2,Pennsylvania
2020-11,44.8,3.2,Pennsylvania
2020-12,32.1,-2.5,Pennsylvania
2021-01,29.4,-0.6,Pennsylvania
2021-02,26.6,-4.8,Pennsylvania
2021-03,40.7,0.6,Pennsylvania
2021-04,49.3,1.0,Pennsylvania
2021-05,57.0,-0.4,Pennsylvania
2021-06,68.6,1.7,Pennsylvania
2021-07,71.2,-1.5,Pennsylvania
2021-08,72.6,1.5,Pennsylvania
2021-09,64.3,1.0,Pennsylvania
2021-10,57.7,4.3,Pennsylvania
2021-11,39.0,-2.6,Pennsylvania
2021-12,37.6,3.0,Pennsylvania
2022-01,22.5,-7.5,Pennsylvania
2022-02,29.7,-1.7,Pennsylvania
2022-03,39.4,-0.7,Pennsylvania
2022-04,47.0,-1.3,Pennsylvania
2022-05,60.5,3.1,Pennsylvania
2022-06,67.1,0.2,Pennsylvania
2022-07,72.3,-0.4,Pennsylvania
2022-08,71.4,0.3,Pennsylvania
2022-09,63.0,-0.3,Pennsylvania
2022-10,49.4,-4.0,Pennsylvania
2022-11,42.8,1.2,Pennsylvania
2022-12,30.6,-4.0,Pennsylvania
2023-01,35.8,5.8,Pennsylvania
2023-02,35.8,4.4,Pennsylvania
2023-03,37.8,-2.3,Pennsylvania
2023-04,51.7,3.4,Pennsylvania
2023-05,56.2,-1.2,Pennsylvania
2023-06,64.5,-2.4,Pennsylvania
2023-07,72.3,-0.4,Pennsylvania
2023-08,68.9,-2.2,Pennsylvania
2023-09,63.6,0.3,Pennsylvania
2023-10,54.2,0.8,Pennsylvania
2023-11,39.6,-2.0,Pennsylvania
2023-12,37.9,3.3,Pennsylvania
2020-01,35.3,2.4,Rhode Island
2020-02,35.4,2.1,Rhode Island
2020-03,42.6,1.8,Rhode Island
2020-04,44.1,-3.9,Rhode Island
2020-05,56.6,-1.2,Rhode Island
2020-06,68.1,1.0,Rhode Island
2020-07,75.4,1.6,Rhode Island
2020-08,73.8,0.8,Rhode Island
2020-09,64.5,-0.6,Rhode Island
2020-10,54.6,-1.5,Rhode Island
2020-11,47.5,2.9,Rhode Island
2020-12,35.7,-1.7,Rhode Island
2021-01,31.3,-1.6,Rhode Island
2021-02,30.9,-2.4,Rhode Island
2021-03,40.2,-0.6,Rhode Island
2021-04,48.8,0.8,Rhode Island
2021-05,58.0,0.2,Rhode Island
2021-06,69.6,2.5,Rhode Island
2021-07,71.2,-2.6,Rhode Island
2021-08,73.6,0.6,Rhode Island
2021-09,66.4,1.3,Rhode Island
2021-10,58.4,2.3,Rhode Island
2021-11,42.9,-1.7,Rhode Island
2021-12,38.6,1.2,Rhode Island
2022-01,27.0,-5.9,Rhode Island
2022-02,32.4,-0.9,Rhode Island
2022-03,40.6,-0.2,Rhode Island
2022-04,48.4,0.4,Rhode Island
2022-05,60.4,2.6,Rhode Island
2022-06,66.3,-0.8,Rhode Island
2022-07,74.4,0.6,Rhode Island
2022-08,75.0,2.0,Rhode Island
2022-09,63.6,-1.5,Rhode Island
2022-10,54.4,-1.7,Rhode Island
2022-11,46.8,2.2,Rhode Island
2022-12,35.5,-1.9,Rhode Island
2023-01,37.8,4.9,Rhode Island
2023-02,34.3,1.0,Rhode Island
2023-03,39.7,-1.1,Rhode Island
2023-04,50.7,2.7,Rhode Island
2023-05,56.2,-1.6,Rhode Island
2023-06,64.5,-2.6,Rhode Island
2023-07,74.3,0.5,Rhode Island
2023-08,69.6,-3.4,Rhode Island
2023-09,65.8,0.7,Rhode Island
2023-10,56.9,0.8,Rhode Island
2023-11,41.0,-3.6,Rhode Island
2023-12,39.8,2.4,Rhode Island
2020-01,50.3,2.7,South Carolina
2020-02,50.9,-0.6,South Carolina
2020-03,60.4,2.2,South Carolina
2020-04,62.1,-0.3,South Carolina
2020-05,68.0,-1.3,South Carolina
2020-06,76.1,-0.4,South Carolina
2020-07,81.9,0.9,South Carolina
2020-08,80.1,0.1,South Carolina
2020-09,73.3,-0.2,South Carolina
2020-10,67.4,2.7,South Carolina
2020-11,59.3,3.8,South Carolina
2020-12,45.6,-3.3,South Carolina
2021-01,46.0,-1.6,South Carolina
2021-02,47.2,-4.3,South Carolina
2021-03,57.6,-0.6,South Carolina
2021-04,62.0,-0.4,South Carolina
2021-05,69.1,-0.2,South Carolina
2021-06,76.8,0.3,South Carolina
2021-07,79.4,-1.6,South Carolina
2021-08,80.1,0.1,South Carolina
2021-09,73.5,0.0,South Carolina
2021-10,66.8,2.1,South Carolina
2021-11,51.6,-3.9,South Carolina
2021-12,54.6,5.7,South Carolina
2022-01,43.6,-4.0,South Carolina
2022-02,51.8,0.3,South Carolina
2022-03,57.7,-0.5,South Carolina
2022-04,62.3,-0.1,South Carolina
2022-05,72.8,3.5,South Carolina
2022-06,78.9,2.4,South Carolina
2022-07,81.3,0.3,South Carolina
2022-08,79.0,-1.0,South Carolina
2022-09,73.8,0.3,South Carolina
2022-10,60.9,-3.8,South Carolina
2022-11,57.0,1.5,South Carolina
2022-12,46.1,-2.8,South Carolina
2023-01,50.4,2.8,South Carolina
2023-02,56.0,4.5,South Carolina
2023-03,57.0,-1.2,South Carolina
2023-04,63.3,0.9,South Carolina
2023-05,67.3,-2.0,South Carolina
2023-06,74.1,-2.4,South Carolina
2023-07,81.3,0.3,South Carolina
2023-08,80.8,0.8,South Carolina
2023-09,73.4,-0.1,South Carolina
2023-10,63.8,-0.9,South Carolina
2023-11,54.2,-1.3,South Carolina
2023-12,49.3,0.4,South Carolina
2020-01,20.1,-1.3,South Dakota
2020-02,23.5,3.9,South Dakota
2020-03,36.4,3.1,South Dakota
2020-04,42.0,0.3,South Dakota
2020-05,54.2,-2.3,South Dakota
2020-06,70.3,0.3,South Dakota
2020-07,73.5,-0.1,South Dakota
2020-08,72.6,0.1,South Dakota
2020-09,60.4,-3.5,South Dakota
2020-10,41.2,-6.1,South Dakota
2020-11,38.6,2.8,South Dakota
2020-12,28.3,3.5,South Dakota
2021-01,26.5,5.1,South Dakota
2021-02,12.8,-6.8,South Dakota
2021-03,39.4,6.1,South Dakota
2021-04,43.6,1.9,South Dakota
2021-05,55.0,-1.5,South Dakota
2021-06,72.3,2.3,South Dakota
2021-07,75.3,1.7,South Dakota
2021-08,72.5,0.0,South Dakota
2021-09,65.0,1.1,South Dakota
2021-10,51.2,3.9,South Dakota
2021-11,38.2,2.4,South Dakota
2021-12,24.5,-0.3,South Dakota
2022-01,19.1,-2.3,South Dakota
2022-02,20.0,0.4,South Dakota
2022-03,33.4,0.1,South Dakota
2022-04,39.7,-2.0,South Dakota
2022-05,55.4,-1.1,South Dakota
2022-06,67.6,-2.4,South Dakota
2022-07,74.6,1.0,South Dakota
2022-08,73.2,0.7,South Dakota
2022-09,65.4,1.5,South Dakota
2022-10,49.4,2.1,South Dakota
2022-11,29.2,-6.6,South Dakota
2022-12,15.1,-9.7,South Dakota
2023-01,20.0,-1.4,South Dakota
2023-02,22.0,2.4,South Dakota
2023-03,23.9,-9.4,South Dakota
2023-04,41.3,-0.4,South Dakota
2023-05,61.2,4.7,South Dakota
2023-06,69.7,-0.3,South Dakota
2023-07,70.8,-2.8,South Dakota
2023-08,71.6,-0.9,South Dakota
2023-09,64.9,1.0,South Dakota
2023-10,47.3,0.0,South Dakota
2023-11,37.0,1.2,South Dakota
2023-12,31.2,6.4,South Dakota
2020-01,43.0,2.2,Tennessee
2020-02,43.4,0.6,Tennessee
2020-03,54.7,2.1,Tennessee
2020-04,55.4,-1.1,Tennessee
2020-05,64.0,-1.8,Tennessee
2020-06,73.5,-0.3,Tennessee
2020-07,79.2,0.8,Tennessee
2020-08,76.4,-0.2,Tennessee
2020-09,69.9,-0.1,Tennessee
2020-10,60.4,0.1,Tennessee
2020-11,51.9,2.8,Tennessee
2020-12,39.5,-4.2,Tennessee
2021-01,39.7,-1.1,Tennessee
2021-02,37.4,-5.4,Tennessee
2021-03,53.6,1.0,Tennessee
2021-04,56.2,-0.3,Tennessee
2021-05,64.1,-1.7,Tennessee
2021-06,74.0,0.2,Tennessee
2021-07,77.0,-1.4,Tennessee
2021-08,77.2,0.6,Tennessee
2021-09,69.7,-0.3,Tennessee
2021-10,63.4,3.1,Tennessee
2021-11,45.6,-3.5,Tennessee
2021-12,50.4,6.7,Tennessee
2022-01,35.5,-5.3,Tennessee
2022-02,41.8,-1.0,Tennessee
2022-03,51.6,-1.0,Tennessee
2022-04,56.7,0.2,Tennessee
2022-05,69.0,3.2,Tennessee
2022-06,75.8,2.0,Tennessee
2022-07,80.2,1.8,Tennessee
2022-08,76.4,-0.2,Tennessee
2022-09,69.4,-0.6,Tennessee
2022-10,56.3,-4.0,Tennessee
2022-11,49.0,-0.1,Tennessee
2022-12,40.8,-2.9,Tennessee
2023-01,44.9,4.1,Tennessee
2023-02,48.6,5.8,Tennessee
2023-03,50.5,-2.1,Tennessee
2023-04,57.8,1.3,Tennessee
2023-05,66.1,0.3,Tennessee
2023-06,71.9,-1.9,Tennessee
2023-07,77.2,-1.2,Tennessee
2023-08,76.2,-0.4,Tennessee
2023-09,70.9,0.9,Tennessee
2023-10,60.9,0.6,Tennessee
2023-11,50.0,0.9,Tennessee
2023-12,44.2,0.5,Tennessee
2020-01,50.7,1.8,Texas
2020-02,49.4,1.6,Texas
2020-03,63.2,3.2,Texas
2020-04,65.1,-0.5,Texas
2020-05,74.6,0.0,Texas
2020-06,80.7,-1.1,Texas
2020-07,85.2,0.3,Texas
2020-08,84.4,0.1,Texas
2020-09,74.1,-3.9,Texas
2020-10,65.9,-1.7,Texas
2020-11,60.6,3.5,Texas
2020-12,48.5,-3.9,Texas
2021-01,47.3,-1.6,Texas
2021-02,44.0,-3.8,Texas
2021-03,59.4,-0.6,Texas
2021-04,63.7,-1.9,Texas
2021-05,71.9,-2.7,Texas
2021-06,80.3,-1.5,Texas
2021-07,80.9,-4.0,Texas
2021-08,81.9,-2.4,Texas
2021-09,78.2,0.2,Texas
2021-10,69.8,2.2,Texas
2021-11,57.3,0.2,Texas
2021-12,59.1,6.7,Texas
2022-01,45.8,-3.1,Texas
2022-02,45.8,-2.0,Texas
2022-03,57.0,-3.0,Texas
2022-04,68.8,3.2,Texas
2022-05,78.0,3.4,Texas
2022-06,83.8,2.0,Texas
2022-07,87.2,2.3,Texas
2022-08,83.4,-0.9,Texas
2022-09,77.8,-0.2,Texas
2022-10,66.4,-1.2,Texas
2022-11,54.0,-3.1,Texas
2022-12,50.0,-2.4,Texas
2023-01,51.6,2.7,Texas
2023-02,52.0,4.2,Texas
2023-03,60.4,0.4,Texas
2023-04,64.6,-1.0,Texas
2023-05,73.7,-0.9,Texas
2023-06,82.3,0.5,Texas
2023-07,86.2,1.3,Texas
2023-08,87.5,3.2,Texas
2023-09,81.8,3.8,Texas
2023-10,68.4,0.8,Texas
2023-11,56.4,-0.7,Texas
2023-12,51.8,-0.6,Texas
2020-01,28.7,0.5,Utah
2020-02,31.1,1.2,Utah
2020-03,40.8,2.9,Utah
2020-04,47.4,1.0,Utah
2020-05,59.0,1.8,Utah
2020-06,65.4,-1.5,Utah
2020-07,73.7,-1.6,Utah
2020-08,75.8,3.3,Utah
2020-09,63.9,-0.5,Utah
2020-10,52.8,2.2,Utah
2020-11,38.8,0.6,Utah
2020-12,27.2,-2.6,Utah
2021-01,28.1,-0.1,Utah
2021-02,32.2,2.3,Utah
2021-03,38.4,0.5,Utah
2021-04,47.4,1.0,Utah
2021-05,57.1,-0.1,Utah
2021-06,71.9,5.0,Utah
2021-07,76.2,0.9,Utah
2021-08,70.9,-1.6,Utah
2021-09,64.4,0.0,Utah
2021-10,47.9,-2.7,Utah
2021-11,42.5,4.3,Utah
2021-12,31.1,1.3,Utah
2022-01,29.6,1.4,Utah
2022-02,29.6,-0.3,Utah
2022-03,40.2,2.3,Utah
2022-04,46.4,0.0,Utah
2022-05,55.0,-2.2,Utah
2022-06,67.6,0.7,Utah
2022-07,75.5,0.2,Utah
2022-08,72.4,-0.1,Utah
2022-09,66.6,2.2,Utah
2022-10,50.8,0.2,Utah
2022-11,32.5,-5.7,Utah
2022-12,28.2,-1.6,Utah
2023-01,26.2,-2.0,Utah
2023-02,26.5,-3.4,Utah
2023-03,32.3,-5.6,Utah
2023-04,44.4,-2.0,Utah
2023-05,57.8,0.6,Utah
2023-06,62.8,-4.1,Utah
2023-07,75.8,0.5,Utah
2023-08,70.9,-1.6,Utah
2023-09,62.5,-1.9,Utah
2023-10,50.9,0.3,Utah
2023-11,38.9,0.7,Utah
2023-12,32.6,2.8,Utah
2020-01,23.4,2.7,Vermont
2020-02,22.4,1.1,Vermont
2020-03,33.0,1.8,Vermont
2020-04,38.8,-3.2,Vermont
2020-05,52.6,-1.1,Vermont
2020-06,62.8,0.0,Vermont
2020-07,70.9,2.7,Vermont
2020-08,65.2,-1.4,Vermont
2020-09,57.2,-1.7,Vermont
2020-10,46.4,-3.1,Vermont
2020-11,37.9,2.0,Vermont
2020-12,27.3,-1.2,Vermont
2021-01,20.5,-0.2,Vermont
2021-02,18.8,-2.5,Vermont
2021-03,30.9,-0.3,Vermont
2021-04,43.2,1.2,Vermont
2021-05,53.3,-0.4,Vermont
2021-06,65.4,2.6,Vermont
2021-07,64.9,-3.3,Vermont
2021-08,68.8,2.2,Vermont
2021-09,59.5,0.6,Vermont
2021-10,51.6,2.1,Vermont
2021-11,34.3,-1.6,Vermont
2021-12,28.2,-0.3,Vermont
2022-01,11.8,-8.9,Vermont
2022-02,21.0,-0.3,Vermont
2022-03,30.7,-0.5,Vermont
2022-04,41.3,-0.7,Vermont
2022-05,56.9,3.2,Vermont
2022-06,61.4,-1.4,Vermont
2022-07,67.4,-0.8,Vermont
2022-08,68.4,1.8,Vermont
2022-09,57.8,-1.1,Vermont
2022-10,48.0,-1.5,Vermont
2022-11,38.6,2.7,Vermont
2022-12,27.2,-1.3,Vermont
2023-01,27.2,6.5,Vermont
2023-02,22.9,1.6,Vermont
2023-03,30.2,-1.0,Vermont
2023-04,44.8,2.8,Vermont
2023-05,51.8,-1.9,Vermont
2023-06,61.7,-1.1,Vermont
2023-07,69.6,1.4,Vermont
2023-08,63.9,-2.7,Vermont
2023-09,60.9,2.0,Vermont
2023-10,51.8,2.3,Vermont
2023-11,32.9,-3.0,Vermont
2023-12,31.1,2.6,Vermont
2020-01,40.6,2.4,Virginia
2020-02,42.4,0.9,Virginia
2020-03,51.7,2.6,Virginia
2020-04,53.3,-2.1,Virginia
2020-05,60.5,-1.8,Virginia
2020-06,71.3,0.4,Virginia
2020-07,78.7,1.6,Virginia
2020-08,75.5,0.3,Virginia
2020-09,66.4,-1.4,Virginia
2020-10,59.0,0.5,Virginia
2020-11,51.3,3.6,Virginia
2020-12,38.4,-2.6,Virginia
2021-01,36.6,-1.6,Virginia
2021-02,36.6,-4.9,Virginia
2021-03,48.5,-0.6,Virginia
2021-04,55.3,-0.1,Virginia
2021-05,62.3,0.0,Virginia
2021-06,72.0,1.1,Virginia
2021-07,75.9,-1.2,Virginia
2021-08,76.4,1.2,Virginia
2021-09,68.4,0.6,Virginia
2021-10,62.3,3.8,Virginia
2021-11,44.5,-3.2,Virginia
2021-12,45.8,4.8,Virginia
2022-01,32.8,-5.4,Virginia
2022-02,40.7,-0.8,Virginia
2022-03,48.9,-0.2,Virginia
2022-04,55.2,-0.2,Virginia
2022-05,65.0,2.7,Virginia
2022-06,72.2,1.3,Virginia
2022-07,76.9,-0.2,Virginia
2022-08,74.7,-0.5,Virginia
2022-09,67.9,0.1,Virginia
2022-10,53.9,-4.6,Virginia
2022-11,49.0,1.3,Virginia
2022-12,37.3,-3.7,Virginia
2023-01,42.7,4.5,Virginia
2023-02,46.3,4.8,Virginia
2023-03,47.4,-1.7,Virginia
2023-04,57.8,2.4,Virginia
2023-05,61.4,-0.9,Virginia
2023-06,68.0,-2.9,Virginia
2023-07,76.7,-0.4,Virginia
2023-08,74.3,-0.9,Virginia
2023-09,68.4,0.6,Virginia
2023-10,58.6,0.1,Virginia
2023-11,45.9,-1.8,Virginia
2023-12,42.3,1.3,Virginia
2020-01,34.2,0.9,Washington
2020-02,35.6,2.3,Washington
2020-03,38.3,-0.7,Washington
2020-04,46.0,1.8,Washington
2020-05,53.3,0.1,Washington
2020-06,57.9,-2.4,Washington
2020-07,64.8,-2.7,Washington
2020-08,65.7,-1.5,Washington
2020-09,61.2,1.4,Washington
2020-10,48.4,-1.0,Washington
2020-11,37.6,0.8,Washington
2020-12,33.7,2.3,Washington
2021-01,34.6,1.3,Washington
2021-02,31.4,-1.9,Washington
2021-03,39.7,0.7,Washington
2021-04,46.8,2.6,Washington
2021-05,52.6,-0.6,Washington
2021-06,64.6,4.3,Washington
2021-07,69.7,2.2,Washington
2021-08,65.8,-1.4,Washington
2021-09,58.0,-1.8,Washington
2021-10,46.6,-2.8,Washington
2021-11,39.9,3.1,Washington
2021-12,29.4,-2.0,Washington
2022-01,31.2,-2.1,Washington
2022-02,33.6,0.3,Washington
2022-03,41.5,2.5,Washington
2022-04,40.9,-3.3,Washington
2022-05,48.5,-4.7,Washington
2022-06,58.0,-2.3,Washington
2022-07,67.9,0.4,Washington
2022-08,69.8,2.6,Washington
2022-09,61.7,1.9,Washington
2022-10,53.6,4.2,Washington
2022-11,32.1,-4.7,Washington
2022-12,26.3,-5.1,Washington
2023-01,33.2,-0.1,Washington
2023-02,32.4,-0.9,Washington
2023-03,36.6,-2.4,Washington
2023-04,43.2,-1.0,Washington
2023-05,58.2,5.0,Washington
2023-06,60.7,0.4,Washington
2023-07,67.5,0.0,Washington
2023-08,67.6,0.4,Washington
2023-09,58.3,-1.5,Washington
2023-10,49.1,-0.3,Washington
2023-11,37.4,0.6,Washington
2023-12,36.3,4.9,Washington
2020-01,37.3,3.3,West Virginia
2020-02,38.0,1.4,West Virginia
2020-03,47.8,2.5,West Virginia
2020-04,48.9,-2.3,West Virginia
2020-05,57.8,-1.7,West Virginia
2020-06,68.1,0.4,West Virginia
2020-07,75.6,2.1,West Virginia
2020-08,72.5,0.3,West Virginia
2020-09,64.2,-0.7,West Virginia
2020-10,55.4,0.2,West Virginia
2020-11,47.5,3.5,West Virginia
2020-12,34.3,-3.5,West Virginia
2021-01,32.6,-1.4,West Virginia
2021-02,31.6,-5.0,West Virginia
2021-03,45.8,0.5,West Virginia
2021-04,51.3,0.1,West Virginia
2021-05,58.7,-0.8,West Virginia
2021-06,69.2,1.5,West Virginia
2021-07,72.2,-1.3,West Virginia
2021-08,73.9,1.7,West Virginia
2021-09,65.5,0.6,West Virginia
2021-10,59.4,4.2,West Virginia
2021-11,40.9,-3.1,West Virginia
2021-12,42.6,4.8,West Virginia
2022-01,27.3,-6.7,West Virginia
2022-02,35.3,-1.3,West Virginia
2022-03,44.6,-0.7,West Virginia
2022-04,50.8,-0.4,West Virginia
2022-05,63.0,3.5,West Virginia
2022-06,68.7,1.0,West Virginia
2022-07,73.0,-0.5,West Virginia
2022-08,71.7,-0.5,West Virginia
2022-09,64.2,-0.7,West Virginia
2022-10,50.3,-4.9,West Virginia
2022-11,44.9,0.9,West Virginia
2022-12,34.4,-3.4,West Virginia
2023-01,38.9,4.9,West Virginia
2023-02,41.6,5.0,West Virginia
2023-03,43.0,-2.3,West Virginia
2023-04,53.9,2.7,West Virginia
2023-05,58.4,-1.1,West Virginia
2023-06,64.8,-2.9,West Virginia
2023-07,73.0,-0.5,West Virginia
2023-08,70.6,-1.6,West Virginia
2023-09,65.5,0.6,West Virginia
2023-10,55.7,0.5,West Virginia
2023-11,42.5,-1.5,West Virginia
2023-12,39.8,2.0,West Virginia
2020-01,21.5,3.0,Wisconsin
2020-02,19.2,2.6,Wisconsin
2020-03,34.3,1.9,Wisconsin
2020-04,40.7,-1.3,Wisconsin
2020-05,54.1,-1.6,Wisconsin
2020-06,66.5,-0.5,Wisconsin
2020-07,71.9,2.1,Wisconsin
2020-08,68.3,0.1,Wisconsin
2020-09,57.3,-3.2,Wisconsin
2020-10,41.3,-6.6,Wisconsin
2020-11,38.6,3.0,Wisconsin
2020-12,24.2,-0.9,Wisconsin
2021-01,20.3,1.8,Wisconsin
2021-02,10.7,-5.9,Wisconsin
2021-03,36.9,4.5,Wisconsin
2021-04,45.0,3.0,Wisconsin
2021-05,54.9,-0.8,Wisconsin
2021-06,69.4,2.4,Wisconsin
2021-07,69.4,-0.4,Wisconsin
2021-08,69.2,1.0,Wisconsin
2021-09,61.2,0.7,Wisconsin
2021-10,53.5,5.6,Wisconsin
2021-11,33.9,-1.7,Wisconsin
2021-12,24.8,-0.3,Wisconsin
2022-01,9.2,-9.3,Wisconsin
2022-02,14.9,-1.7,Wisconsin
2022-03,29.5,-2.9,Wisconsin
2022-04,39.0,-3.0,Wisconsin
2022-05,57.2,1.5,Wisconsin
2022-06,65.5,-1.5,Wisconsin
2022-07,69.4,-0.4,Wisconsin
2022-08,67.5,-0.7,Wisconsin
2022-09,60.4,-0.1,Wisconsin
2022-10,47.2,-0.7,Wisconsin
2022-11,35.3,-0.3,Wisconsin
2022-12,19.2,-5.9,Wisconsin
2023-01,23.0,4.5,Wisconsin
2023-02,21.7,5.1,Wisconsin
2023-03,28.7,-3.7,Wisconsin
2023-04,43.4,1.4,Wisconsin
2023-05,56.7,1.0,Wisconsin
2023-06,66.6,-0.4,Wisconsin
2023-07,68.6,-1.2,Wisconsin
2023-08,67.7,-0.5,Wisconsin
2023-09,63.2,2.7,Wisconsin
2023-10,49.4,1.5,Wisconsin
2023-11,34.5,-1.1,Wisconsin
2023-12,32.2,7.1,Wisconsin
2020-01,23.9,1.4,Wyoming
2020-02,20.2,0.6,Wyoming
2020-03,33.1,2.8,Wyoming
2020-04,37.6,0.5,Wyoming
2020-05,50.3,0.5,Wyoming
2020-06,59.7,-0.5,Wyoming
2020-07,66.6,-1.4,Wyoming
2020-08,67.7,1.7,Wyoming
2020-09,55.5,-2.2,Wyoming
2020-10,41.2,-2.1,Wyoming
2020-11,33.1,1.0,Wyoming
2020-12,24.5,-0.1,Wyoming
2021-01,23.4,0.9,Wyoming
2021-02,17.4,-2.2,Wyoming
2021-03,32.2,1.9,Wyoming
2021-04,38.0,0.9,Wyoming
2021-05,48.8,-1.0,Wyoming
2021-06,64.9,4.7,Wyoming
2021-07,70.1,2.1,Wyoming
2021-08,64.1,-1.9,Wyoming
2021-09,58.1,0.4,Wyoming
2021-10,43.9,0.6,Wyoming
2021-11,36.6,4.5,Wyoming
2021-12,26.2,1.6,Wyoming
2022-01,23.1,0.6,Wyoming
2022-02,20.9,1.3,Wyoming
2022-03,32.0,1.7,Wyoming
2022-04,36.2,-0.9,Wyoming
2022-05,46.9,-2.9,Wyoming
2022-06,59.0,-1.2,Wyoming
2022-07,69.0,1.0,Wyoming
2022-08,67.3,1.3,Wyoming
2022-09,59.7,2.0,Wyoming
2022-10,44.7,1.4,Wyoming
2022-11,25.1,-7.0,Wyoming
2022-12,19.6,-5.0,Wyoming
2023-01,19.6,-2.9,Wyoming
2023-02,20.0,0.4,Wyoming
2023-03,23.8,-6.5,Wyoming
2023-04,36.4,-0.7,Wyoming
2023-05,53.0,3.2,Wyoming
2023-06,57.3,-2.9,Wyoming
2023-07,66.2,-1.8,Wyoming
2023-08,64.8,-1.2,Wyoming
2023-09,57.4,-0.3,Wyoming
2023-10,43.2,-0.1,Wyoming
2023-11,33.4,1.3,Wyoming
2023-12,28.0,3.4,Wyoming
